student_id,course_id
S0001,GEN101
S0001,FMA101
S0002,GEN101
S0002,FMA101
S0003,GEN101
S0003,FMA101
S0004,GEN101
S0004,FMA101
S0005,GEN101
S0005,FMA101
S0006,GEN101
S0006,FMA101
S0007,GEN101
S0007,FMA101
S0008,GEN101
S0008,FMA101
S0009,GEN101
S0009,FMA101
S0010,GEN101
S0010,FMA101
S0011,GEN101
S0011,FMA101
S0012,GEN101
S0012,FMA101
S0013,GEN101
S0013,FMA101
S0014,GEN101
S0014,FMA101
S0015,GEN101
S0015,FMA101
S0016,GEN101
S0016,FMA101
S0017,GEN102
S0017,FMA102
S0017,KOM201
S0017,KOM202
S0017,KOM203
S0017,KOM204
S0018,GEN102
S0018,FMA102
S0018,KOM201
S0018,KOM202
S0018,KOM203
S0018,KOM204
S0019,GEN102
S0019,FMA102
S0019,KOM201
S0019,KOM202
S0019,KOM203
S0019,KOM204
S0020,GEN102
S0020,FMA102
S0020,KOM201
S0020,KOM202
S0020,KOM203
S0020,KOM204
S0021,GEN102
S0021,FMA102
S0021,KOM201
S0021,KOM202
S0021,KOM203
S0021,KOM204
S0022,GEN102
S0022,FMA102
S0022,KOM201
S0022,KOM202
S0022,KOM203
S0022,KOM204
S0023,GEN102
S0023,FMA102
S0023,KOM201
S0023,KOM202
S0023,KOM203
S0023,KOM204
S0024,GEN102
S0024,FMA102
S0024,KOM201
S0024,KOM202
S0024,KOM203
S0024,KOM204
S0025,GEN102
S0025,FMA102
S0025,KOM201
S0025,KOM202
S0025,KOM203
S0025,KOM204
S0026,GEN102
S0026,FMA102
S0026,KOM201
S0026,KOM202
S0026,KOM203
S0026,KOM204
S0027,GEN102
S0027,FMA102
S0027,KOM201
S0027,KOM202
S0027,KOM203
S0027,KOM204
S0028,GEN102
S0028,FMA102
S0028,KOM201
S0028,KOM202
S0028,KOM203
S0028,KOM204
S0029,GEN102
S0029,FMA102
S0029,KOM201
S0029,KOM202
S0029,KOM203
S0029,KOM204
S0030,GEN102
S0030,FMA102
S0030,KOM201
S0030,KOM202
S0030,KOM203
S0030,KOM204
S0031,GEN102
S0031,FMA102
S0031,KOM201
S0031,KOM202
S0031,KOM203
S0031,KOM204
S0032,GEN102
S0032,FMA102
S0032,KOM201
S0032,KOM202
S0032,KOM203
S0032,KOM204
S0033,GEN103
S0034,GEN103
S0034,KOM203
S0034,KOM201
S0035,GEN103
S0035,KOM201
S0035,KOM203
S0036,GEN103
S0037,GEN103
S0038,GEN103
S0039,GEN103
S0039,KOM201
S0039,KOM204
S0040,GEN103
S0040,KOM201
S0040,KOM203
S0041,GEN103
S0041,KOM204
S0041,KOM201
S0042,GEN103
S0043,GEN103
S0043,KOM201
S0043,KOM204
S0044,GEN103
S0045,GEN103
S0046,GEN103
S0046,KOM203
S0046,KOM201
S0047,GEN103
S0047,KOM201
S0047,KOM202
S0048,GEN103
S0049,GEN104
S0049,KOM401
S0049,KOM402
S0049,KOM403
S0049,KOM404
S0050,GEN104
S0050,KOM401
S0050,KOM402
S0050,KOM403
S0050,KOM404
S0051,GEN104
S0051,KOM401
S0051,KOM402
S0051,KOM403
S0051,KOM404
S0052,GEN104
S0052,KOM401
S0052,KOM402
S0052,KOM403
S0052,KOM404
S0053,GEN104
S0053,KOM401
S0053,KOM402
S0053,KOM403
S0053,KOM404
S0054,GEN104
S0054,KOM401
S0054,KOM402
S0054,KOM403
S0054,KOM404
S0055,GEN104
S0055,KOM401
S0055,KOM402
S0055,KOM403
S0055,KOM404
S0056,GEN104
S0056,KOM401
S0056,KOM402
S0056,KOM403
S0056,KOM404
S0057,GEN104
S0057,KOM401
S0057,KOM402
S0057,KOM403
S0057,KOM404
S0058,GEN104
S0058,KOM401
S0058,KOM402
S0058,KOM403
S0058,KOM404
S0059,GEN104
S0059,KOM401
S0059,KOM402
S0059,KOM403
S0059,KOM404
S0060,GEN104
S0060,KOM401
S0060,KOM402
S0060,KOM403
S0060,KOM404
S0061,GEN104
S0061,KOM401
S0061,KOM402
S0061,KOM403
S0061,KOM404
S0061,STT201
S0062,GEN104
S0062,KOM401
S0062,KOM402
S0062,KOM403
S0062,KOM404
S0062,STT201
S0063,GEN104
S0063,KOM401
S0063,KOM402
S0063,KOM403
S0063,KOM404
S0063,STT201
S0064,GEN104
S0064,KOM401
S0064,KOM402
S0064,KOM403
S0064,KOM404
S0064,STT201
S0065,GEN105
S0065,KOM701
S0065,KOM702
S0065,KOM401
S0065,KOM402
S0066,GEN105
S0066,KOM701
S0066,KOM702
S0066,KOM403
S0066,KOM401
S0067,GEN105
S0067,KOM701
S0067,KOM702
S0068,GEN105
S0068,KOM701
S0068,KOM702
S0068,KOM403
S0068,KOM404
S0069,GEN105
S0069,KOM701
S0069,KOM702
S0070,GEN105
S0070,KOM701
S0070,KOM702
S0071,GEN105
S0071,KOM701
S0071,KOM702
S0072,GEN105
S0072,KOM701
S0072,KOM702
S0072,KOM402
S0072,KOM401
S0073,GEN105
S0073,KOM701
S0073,KOM702
S0074,GEN105
S0074,KOM701
S0074,KOM702
S0074,KOM402
S0074,KOM403
S0075,GEN105
S0075,KOM701
S0075,KOM702
S0076,GEN105
S0076,KOM701
S0076,KOM702
S0077,GEN105
S0077,KOM701
S0077,KOM702
S0077,KOM401
S0077,KOM402
S0078,GEN105
S0078,KOM701
S0078,KOM702
S0079,GEN105
S0079,KOM701
S0079,KOM702
S0079,KOM403
S0079,KOM401
S0080,GEN105
S0080,KOM701
S0080,KOM702
S0081,GEN201
S0081,KOM601
S0081,KOM602
S0081,KOM603
S0081,KOM604
S0081,KOM701
S0081,KOM702
S0082,GEN201
S0082,KOM601
S0082,KOM602
S0082,KOM603
S0082,KOM604
S0082,KOM701
S0082,KOM702
S0083,GEN201
S0083,KOM601
S0083,KOM602
S0083,KOM603
S0083,KOM604
S0083,KOM701
S0083,KOM702
S0084,GEN201
S0084,KOM601
S0084,KOM602
S0084,KOM603
S0084,KOM604
S0084,KOM701
S0084,KOM702
S0085,GEN201
S0085,KOM601
S0085,KOM602
S0085,KOM603
S0085,KOM604
S0085,KOM701
S0085,KOM702
S0086,GEN201
S0086,KOM601
S0086,KOM602
S0086,KOM603
S0086,KOM604
S0086,KOM701
S0086,KOM702
S0087,GEN201
S0087,KOM601
S0087,KOM602
S0087,KOM603
S0087,KOM604
S0087,KOM701
S0087,KOM702
S0088,GEN201
S0088,KOM601
S0088,KOM602
S0088,KOM603
S0088,KOM604
S0088,KOM701
S0088,KOM702
S0089,GEN201
S0089,KOM601
S0089,KOM602
S0089,KOM603
S0089,KOM604
S0089,KOM701
S0089,KOM702
S0090,GEN201
S0090,KOM601
S0090,KOM602
S0090,KOM603
S0090,KOM604
S0090,KOM701
S0090,KOM702
S0091,GEN201
S0091,KOM601
S0091,KOM602
S0091,KOM603
S0091,KOM604
S0091,KOM701
S0091,KOM702
S0092,GEN201
S0092,KOM601
S0092,KOM602
S0092,KOM603
S0092,KOM604
S0092,KOM701
S0092,KOM702
S0093,GEN201
S0093,KOM601
S0093,KOM602
S0093,KOM603
S0093,KOM604
S0093,KOM701
S0093,KOM702
S0094,GEN201
S0094,KOM601
S0094,KOM602
S0094,KOM603
S0094,KOM604
S0094,KOM701
S0094,KOM702
S0095,GEN201
S0095,KOM601
S0095,KOM602
S0095,KOM603
S0095,KOM604
S0095,KOM701
S0095,KOM702
S0096,GEN201
S0096,KOM601
S0096,KOM602
S0096,KOM603
S0096,KOM604
S0096,KOM701
S0096,KOM702
S0097,GEN202
S0097,KOM701
S0097,KOM702
S0098,GEN202
S0098,KOM701
S0098,KOM702
S0099,GEN202
S0099,KOM701
S0099,KOM702
S0100,GEN202
S0100,KOM701
S0100,KOM702
S0100,KOM602
S0100,KOM603
S0101,GEN202
S0101,KOM701
S0101,KOM702
S0102,GEN202
S0102,KOM701
S0102,KOM702
S0102,KOM604
S0102,KOM603
S0103,GEN202
S0103,KOM701
S0103,KOM702
S0104,GEN202
S0104,KOM701
S0104,KOM702
S0104,KOM602
S0104,KOM603
S0105,GEN202
S0105,KOM701
S0105,KOM702
S0106,GEN202
S0106,KOM701
S0106,KOM702
S0107,GEN202
S0107,KOM701
S0107,KOM702
S0108,GEN202
S0108,KOM701
S0108,KOM702
S0108,KOM602
S0108,KOM603
S0109,GEN202
S0109,KOM701
S0109,KOM702
S0110,GEN202
S0110,KOM701
S0110,KOM702
S0110,KOM604
S0110,KOM603
S0111,GEN202
S0111,KOM701
S0111,KOM702
S0112,GEN202
S0112,KOM701
S0112,KOM702
S0113,GEN203
S0113,KOM701
S0113,KOM702
S0114,GEN203
S0114,KOM701
S0114,KOM702
S0115,GEN203
S0115,KOM701
S0115,KOM702
S0116,GEN203
S0116,KOM701
S0116,KOM702
S0117,GEN203
S0117,KOM701
S0117,KOM702
S0118,GEN203
S0118,KOM701
S0118,KOM702
S0119,GEN203
S0119,KOM701
S0119,KOM702
S0120,GEN203
S0120,KOM701
S0120,KOM702
S0121,GEN203
S0121,KOM701
S0121,KOM702
S0122,GEN203
S0122,KOM701
S0122,KOM702
S0123,GEN203
S0123,KOM701
S0123,KOM702
S0124,GEN203
S0124,KOM701
S0124,KOM702
S0125,GEN203
S0125,KOM701
S0125,KOM702
S0126,GEN203
S0126,KOM701
S0126,KOM702
S0127,GEN203
S0127,KOM701
S0127,KOM702
S0128,GEN203
S0128,KOM701
S0128,KOM702
S0129,GEN203
S0129,KOM701
S0129,KOM702
S0130,GEN203
S0130,KOM701
S0130,KOM702
S0131,GEN101
S0131,FMA101
S0132,GEN101
S0132,FMA101
S0133,GEN101
S0133,FMA101
S0134,GEN101
S0134,FMA101
S0135,GEN101
S0135,FMA101
S0136,GEN101
S0136,FMA101
S0137,GEN101
S0137,FMA101
S0138,GEN101
S0138,FMA101
S0139,GEN101
S0139,FMA101
S0140,GEN101
S0140,FMA101
S0141,GEN101
S0141,FMA101
S0142,GEN101
S0142,FMA101
S0143,GEN101
S0143,FMA101
S0144,GEN101
S0144,FMA101
S0145,GEN101
S0145,FMA101
S0146,GEN101
S0146,FMA101
S0147,GEN102
S0147,FMA102
S0147,STT201
S0147,STT202
S0147,STT203
S0147,STT204
S0148,GEN102
S0148,FMA102
S0148,STT201
S0148,STT202
S0148,STT203
S0148,STT204
S0149,GEN102
S0149,FMA102
S0149,STT201
S0149,STT202
S0149,STT203
S0149,STT204
S0150,GEN102
S0150,FMA102
S0150,STT201
S0150,STT202
S0150,STT203
S0150,STT204
S0151,GEN102
S0151,FMA102
S0151,STT201
S0151,STT202
S0151,STT203
S0151,STT204
S0152,GEN102
S0152,FMA102
S0152,STT201
S0152,STT202
S0152,STT203
S0152,STT204
S0153,GEN102
S0153,FMA102
S0153,STT201
S0153,STT202
S0153,STT203
S0153,STT204
S0154,GEN102
S0154,FMA102
S0154,STT201
S0154,STT202
S0154,STT203
S0154,STT204
S0155,GEN102
S0155,FMA102
S0155,STT201
S0155,STT202
S0155,STT203
S0155,STT204
S0156,GEN102
S0156,FMA102
S0156,STT201
S0156,STT202
S0156,STT203
S0156,STT204
S0157,GEN102
S0157,FMA102
S0157,STT201
S0157,STT202
S0157,STT203
S0157,STT204
S0158,GEN102
S0158,FMA102
S0158,STT201
S0158,STT202
S0158,STT203
S0158,STT204
S0159,GEN102
S0159,FMA102
S0159,STT201
S0159,STT202
S0159,STT203
S0159,STT204
S0160,GEN102
S0160,FMA102
S0160,STT201
S0160,STT202
S0160,STT203
S0160,STT204
S0161,GEN102
S0161,FMA102
S0161,STT201
S0161,STT202
S0161,STT203
S0161,STT204
S0162,GEN102
S0162,FMA102
S0162,STT201
S0162,STT202
S0162,STT203
S0162,STT204
S0163,GEN103
S0164,GEN103
S0165,GEN103
S0165,STT201
S0165,STT203
S0166,GEN103
S0167,GEN103
S0168,GEN103
S0169,GEN103
S0170,GEN103
S0170,STT202
S0170,STT204
S0171,GEN103
S0171,STT203
S0171,STT204
S0172,GEN103
S0173,GEN103
S0174,GEN103
S0174,STT203
S0174,STT204
S0175,GEN103
S0176,GEN103
S0176,STT203
S0176,STT201
S0177,GEN103
S0178,GEN103
S0179,GEN104
S0179,STT401
S0179,STT402
S0179,STT403
S0179,STT404
S0180,GEN104
S0180,STT401
S0180,STT402
S0180,STT403
S0180,STT404
S0180,KOM401
S0181,GEN104
S0181,STT401
S0181,STT402
S0181,STT403
S0181,STT404
S0182,GEN104
S0182,STT401
S0182,STT402
S0182,STT403
S0182,STT404
S0182,KOM401
S0183,GEN104
S0183,STT401
S0183,STT402
S0183,STT403
S0183,STT404
S0184,GEN104
S0184,STT401
S0184,STT402
S0184,STT403
S0184,STT404
S0185,GEN104
S0185,STT401
S0185,STT402
S0185,STT403
S0185,STT404
S0186,GEN104
S0186,STT401
S0186,STT402
S0186,STT403
S0186,STT404
S0187,GEN104
S0187,STT401
S0187,STT402
S0187,STT403
S0187,STT404
S0187,KOM401
S0188,GEN104
S0188,STT401
S0188,STT402
S0188,STT403
S0188,STT404
S0189,GEN104
S0189,STT401
S0189,STT402
S0189,STT403
S0189,STT404
S0190,GEN104
S0190,STT401
S0190,STT402
S0190,STT403
S0190,STT404
S0190,KOM401
S0191,GEN104
S0191,STT401
S0191,STT402
S0191,STT403
S0191,STT404
S0192,GEN104
S0192,STT401
S0192,STT402
S0192,STT403
S0192,STT404
S0192,KOM401
S0193,GEN104
S0193,STT401
S0193,STT402
S0193,STT403
S0193,STT404
S0194,GEN104
S0194,STT401
S0194,STT402
S0194,STT403
S0194,STT404
S0195,GEN105
S0195,STT701
S0195,STT702
S0195,STT404
S0195,STT403
S0196,GEN105
S0196,STT701
S0196,STT702
S0196,STT404
S0196,STT401
S0197,GEN105
S0197,STT701
S0197,STT702
S0198,GEN105
S0198,STT701
S0198,STT702
S0199,GEN105
S0199,STT701
S0199,STT702
S0200,GEN105
S0200,STT701
S0200,STT702
S0201,GEN105
S0201,STT701
S0201,STT702
S0202,GEN105
S0202,STT701
S0202,STT702
S0203,GEN105
S0203,STT701
S0203,STT702
S0204,GEN105
S0204,STT701
S0204,STT702
S0205,GEN105
S0205,STT701
S0205,STT702
S0206,GEN105
S0206,STT701
S0206,STT702
S0206,STT401
S0206,STT402
S0207,GEN105
S0207,STT701
S0207,STT702
S0207,STT402
S0207,STT403
S0208,GEN105
S0208,STT701
S0208,STT702
S0208,STT401
S0208,STT403
S0209,GEN105
S0209,STT701
S0209,STT702
S0210,GEN105
S0210,STT701
S0210,STT702
S0210,STT401
S0210,STT402
S0211,GEN201
S0211,STT601
S0211,STT602
S0211,STT603
S0211,STT604
S0211,STT701
S0211,STT702
S0212,GEN201
S0212,STT601
S0212,STT602
S0212,STT603
S0212,STT604
S0212,STT701
S0212,STT702
S0213,GEN201
S0213,STT601
S0213,STT602
S0213,STT603
S0213,STT604
S0213,STT701
S0213,STT702
S0214,GEN201
S0214,STT601
S0214,STT602
S0214,STT603
S0214,STT604
S0214,STT701
S0214,STT702
S0215,GEN201
S0215,STT601
S0215,STT602
S0215,STT603
S0215,STT604
S0215,STT701
S0215,STT702
S0216,GEN201
S0216,STT601
S0216,STT602
S0216,STT603
S0216,STT604
S0216,STT701
S0216,STT702
S0217,GEN201
S0217,STT601
S0217,STT602
S0217,STT603
S0217,STT604
S0217,STT701
S0217,STT702
S0218,GEN201
S0218,STT601
S0218,STT602
S0218,STT603
S0218,STT604
S0218,STT701
S0218,STT702
S0219,GEN201
S0219,STT601
S0219,STT602
S0219,STT603
S0219,STT604
S0219,STT701
S0219,STT702
S0220,GEN201
S0220,STT601
S0220,STT602
S0220,STT603
S0220,STT604
S0220,STT701
S0220,STT702
S0221,GEN201
S0221,STT601
S0221,STT602
S0221,STT603
S0221,STT604
S0221,STT701
S0221,STT702
S0222,GEN201
S0222,STT601
S0222,STT602
S0222,STT603
S0222,STT604
S0222,STT701
S0222,STT702
S0223,GEN201
S0223,STT601
S0223,STT602
S0223,STT603
S0223,STT604
S0223,STT701
S0223,STT702
S0224,GEN201
S0224,STT601
S0224,STT602
S0224,STT603
S0224,STT604
S0224,STT701
S0224,STT702
S0225,GEN201
S0225,STT601
S0225,STT602
S0225,STT603
S0225,STT604
S0225,STT701
S0225,STT702
S0226,GEN201
S0226,STT601
S0226,STT602
S0226,STT603
S0226,STT604
S0226,STT701
S0226,STT702
S0227,GEN202
S0227,STT701
S0227,STT702
S0227,STT602
S0227,STT604
S0228,GEN202
S0228,STT701
S0228,STT702
S0229,GEN202
S0229,STT701
S0229,STT702
S0229,STT602
S0229,STT603
S0230,GEN202
S0230,STT701
S0230,STT702
S0231,GEN202
S0231,STT701
S0231,STT702
S0232,GEN202
S0232,STT701
S0232,STT702
S0233,GEN202
S0233,STT701
S0233,STT702
S0234,GEN202
S0234,STT701
S0234,STT702
S0235,GEN202
S0235,STT701
S0235,STT702
S0235,STT601
S0235,STT603
S0236,GEN202
S0236,STT701
S0236,STT702
S0237,GEN202
S0237,STT701
S0237,STT702
S0238,GEN202
S0238,STT701
S0238,STT702
S0239,GEN202
S0239,STT701
S0239,STT702
S0240,GEN202
S0240,STT701
S0240,STT702
S0241,GEN202
S0241,STT701
S0241,STT702
S0242,GEN202
S0242,STT701
S0242,STT702
S0242,STT604
S0242,STT603
S0243,GEN203
S0243,STT701
S0243,STT702
S0244,GEN203
S0244,STT701
S0244,STT702
S0245,GEN203
S0245,STT701
S0245,STT702
S0246,GEN203
S0246,STT701
S0246,STT702
S0247,GEN203
S0247,STT701
S0247,STT702
S0248,GEN203
S0248,STT701
S0248,STT702
S0249,GEN203
S0249,STT701
S0249,STT702
S0250,GEN203
S0250,STT701
S0250,STT702
S0251,GEN203
S0251,STT701
S0251,STT702
S0252,GEN203
S0252,STT701
S0252,STT702
S0253,GEN203
S0253,STT701
S0253,STT702
S0254,GEN203
S0254,STT701
S0254,STT702
S0255,GEN203
S0255,STT701
S0255,STT702
S0256,GEN203
S0256,STT701
S0256,STT702
S0257,GEN203
S0257,STT701
S0257,STT702
S0258,GEN203
S0258,STT701
S0258,STT702
S0259,GEN203
S0259,STT701
S0259,STT702
S0260,GEN203
S0260,STT701
S0260,STT702
S0261,GEN101
S0261,FMA101
S0262,GEN101
S0262,FMA101
S0263,GEN101
S0263,FMA101
S0264,GEN101
S0264,FMA101
S0265,GEN101
S0265,FMA101
S0266,GEN101
S0266,FMA101
S0267,GEN101
S0267,FMA101
S0268,GEN101
S0268,FMA101
S0269,GEN101
S0269,FMA101
S0270,GEN101
S0270,FMA101
S0271,GEN101
S0271,FMA101
S0272,GEN101
S0272,FMA101
S0273,GEN101
S0273,FMA101
S0274,GEN101
S0274,FMA101
S0275,GEN101
S0275,FMA101
S0276,GEN101
S0276,FMA101
S0277,GEN102
S0277,FMA102
S0278,GEN102
S0278,FMA102
S0279,GEN102
S0279,FMA102
S0280,GEN102
S0280,FMA102
S0281,GEN102
S0281,FMA102
S0282,GEN102
S0282,FMA102
S0283,GEN102
S0283,FMA102
S0284,GEN102
S0284,FMA102
S0285,GEN102
S0285,FMA102
S0286,GEN102
S0286,FMA102
S0287,GEN102
S0287,FMA102
S0288,GEN102
S0288,FMA102
S0289,GEN102
S0289,FMA102
S0290,GEN102
S0290,FMA102
S0291,GEN102
S0291,FMA102
S0292,GEN102
S0292,FMA102
S0293,GEN103
S0294,GEN103
S0295,GEN103
S0296,GEN103
S0297,GEN103
S0298,GEN103
S0299,GEN103
S0300,GEN103
S0301,GEN103
S0302,GEN103
S0303,GEN103
S0304,GEN103
S0305,GEN103
S0306,GEN103
S0307,GEN103
S0308,GEN103
S0309,GEN104
S0310,GEN104
S0311,GEN104
S0312,GEN104
S0313,GEN104
S0314,GEN104
S0315,GEN104
S0316,GEN104
S0317,GEN104
S0318,GEN104
S0319,GEN104
S0320,GEN104
S0321,GEN104
S0322,GEN104
S0323,GEN104
S0324,GEN104
S0325,GEN105
S0326,GEN105
S0327,GEN105
S0328,GEN105
S0329,GEN105
S0330,GEN105
S0331,GEN105
S0332,GEN105
S0333,GEN105
S0334,GEN105
S0335,GEN105
S0336,GEN105
S0337,GEN105
S0338,GEN105
S0339,GEN105
S0340,GEN105
S0341,GEN201
S0342,GEN201
S0343,GEN201
S0344,GEN201
S0345,GEN201
S0346,GEN201
S0347,GEN201
S0348,GEN201
S0349,GEN201
S0350,GEN201
S0351,GEN201
S0352,GEN201
S0353,GEN201
S0354,GEN201
S0355,GEN201
S0356,GEN201
S0357,GEN202
S0358,GEN202
S0359,GEN202
S0360,GEN202
S0361,GEN202
S0362,GEN202
S0363,GEN202
S0364,GEN202
S0365,GEN202
S0366,GEN202
S0367,GEN202
S0368,GEN202
S0369,GEN202
S0370,GEN202
S0371,GEN202
S0372,GEN202
S0373,GEN203
S0374,GEN203
S0375,GEN203
S0376,GEN203
S0377,GEN203
S0378,GEN203
S0379,GEN203
S0380,GEN203
S0381,GEN203
S0382,GEN203
S0383,GEN203
S0384,GEN203
S0385,GEN203
S0386,GEN203
S0387,GEN203
S0388,GEN203
S0389,GEN203
S0390,GEN203
S0391,GEN101
S0391,FMA101
S0392,GEN101
S0392,FMA101
S0393,GEN101
S0393,FMA101
S0394,GEN101
S0394,FMA101
S0395,GEN101
S0395,FMA101
S0396,GEN101
S0396,FMA101
S0397,GEN101
S0397,FMA101
S0398,GEN101
S0398,FMA101
S0399,GEN101
S0399,FMA101
S0400,GEN101
S0400,FMA101
S0401,GEN101
S0401,FMA101
S0402,GEN101
S0402,FMA101
S0403,GEN101
S0403,FMA101
S0404,GEN101
S0404,FMA101
S0405,GEN101
S0405,FMA101
S0406,GEN101
S0406,FMA101
S0407,GEN102
S0407,FMA102
S0408,GEN102
S0408,FMA102
S0409,GEN102
S0409,FMA102
S0410,GEN102
S0410,FMA102
S0411,GEN102
S0411,FMA102
S0412,GEN102
S0412,FMA102
S0413,GEN102
S0413,FMA102
S0414,GEN102
S0414,FMA102
S0415,GEN102
S0415,FMA102
S0416,GEN102
S0416,FMA102
S0417,GEN102
S0417,FMA102
S0418,GEN102
S0418,FMA102
S0419,GEN102
S0419,FMA102
S0420,GEN102
S0420,FMA102
S0421,GEN102
S0421,FMA102
S0422,GEN102
S0422,FMA102
S0423,GEN103
S0424,GEN103
S0425,GEN103
S0426,GEN103
S0427,GEN103
S0428,GEN103
S0429,GEN103
S0430,GEN103
S0431,GEN103
S0432,GEN103
S0433,GEN103
S0434,GEN103
S0435,GEN103
S0436,GEN103
S0437,GEN103
S0438,GEN103
S0439,GEN104
S0440,GEN104
S0441,GEN104
S0442,GEN104
S0443,GEN104
S0444,GEN104
S0445,GEN104
S0446,GEN104
S0447,GEN104
S0448,GEN104
S0449,GEN104
S0450,GEN104
S0451,GEN104
S0452,GEN104
S0453,GEN104
S0454,GEN104
S0455,GEN105
S0456,GEN105
S0457,GEN105
S0458,GEN105
S0459,GEN105
S0460,GEN105
S0461,GEN105
S0462,GEN105
S0463,GEN105
S0464,GEN105
S0465,GEN105
S0466,GEN105
S0467,GEN105
S0468,GEN105
S0469,GEN105
S0470,GEN105
S0471,GEN201
S0472,GEN201
S0473,GEN201
S0474,GEN201
S0475,GEN201
S0476,GEN201
S0477,GEN201
S0478,GEN201
S0479,GEN201
S0480,GEN201
S0481,GEN201
S0482,GEN201
S0483,GEN201
S0484,GEN201
S0485,GEN201
S0486,GEN201
S0487,GEN202
S0488,GEN202
S0489,GEN202
S0490,GEN202
S0491,GEN202
S0492,GEN202
S0493,GEN202
S0494,GEN202
S0495,GEN202
S0496,GEN202
S0497,GEN202
S0498,GEN202
S0499,GEN202
S0500,GEN202
S0501,GEN202
S0502,GEN202
S0503,GEN203
S0504,GEN203
S0505,GEN203
S0506,GEN203
S0507,GEN203
S0508,GEN203
S0509,GEN203
S0510,GEN203
S0511,GEN203
S0512,GEN203
S0513,GEN203
S0514,GEN203
S0515,GEN203
S0516,GEN203
S0517,GEN203
S0518,GEN203
S0519,GEN203
S0520,GEN203
S0521,GEN101
S0521,FMA101
S0522,GEN101
S0522,FMA101
S0523,GEN101
S0523,FMA101
S0524,GEN101
S0524,FMA101
S0525,GEN101
S0525,FMA101
S0526,GEN101
S0526,FMA101
S0527,GEN101
S0527,FMA101
S0528,GEN101
S0528,FMA101
S0529,GEN101
S0529,FMA101
S0530,GEN101
S0530,FMA101
S0531,GEN101
S0531,FMA101
S0532,GEN101
S0532,FMA101
S0533,GEN101
S0533,FMA101
S0534,GEN101
S0534,FMA101
S0535,GEN101
S0535,FMA101
S0536,GEN101
S0536,FMA101
S0537,GEN102
S0537,FMA102
S0538,GEN102
S0538,FMA102
S0539,GEN102
S0539,FMA102
S0540,GEN102
S0540,FMA102
S0541,GEN102
S0541,FMA102
S0542,GEN102
S0542,FMA102
S0543,GEN102
S0543,FMA102
S0544,GEN102
S0544,FMA102
S0545,GEN102
S0545,FMA102
S0546,GEN102
S0546,FMA102
S0547,GEN102
S0547,FMA102
S0548,GEN102
S0548,FMA102
S0549,GEN102
S0549,FMA102
S0550,GEN102
S0550,FMA102
S0551,GEN102
S0551,FMA102
S0552,GEN102
S0552,FMA102
S0553,GEN103
S0554,GEN103
S0555,GEN103
S0556,GEN103
S0557,GEN103
S0558,GEN103
S0559,GEN103
S0560,GEN103
S0561,GEN103
S0562,GEN103
S0563,GEN103
S0564,GEN103
S0565,GEN103
S0566,GEN103
S0567,GEN103
S0568,GEN103
S0569,GEN104
S0570,GEN104
S0571,GEN104
S0572,GEN104
S0573,GEN104
S0574,GEN104
S0575,GEN104
S0576,GEN104
S0577,GEN104
S0578,GEN104
S0579,GEN104
S0580,GEN104
S0581,GEN104
S0582,GEN104
S0583,GEN104
S0584,GEN104
S0585,GEN105
S0586,GEN105
S0587,GEN105
S0588,GEN105
S0589,GEN105
S0590,GEN105
S0591,GEN105
S0592,GEN105
S0593,GEN105
S0594,GEN105
S0595,GEN105
S0596,GEN105
S0597,GEN105
S0598,GEN105
S0599,GEN105
S0600,GEN105
S0601,GEN201
S0602,GEN201
S0603,GEN201
S0604,GEN201
S0605,GEN201
S0606,GEN201
S0607,GEN201
S0608,GEN201
S0609,GEN201
S0610,GEN201
S0611,GEN201
S0612,GEN201
S0613,GEN201
S0614,GEN201
S0615,GEN201
S0616,GEN201
S0617,GEN202
S0618,GEN202
S0619,GEN202
S0620,GEN202
S0621,GEN202
S0622,GEN202
S0623,GEN202
S0624,GEN202
S0625,GEN202
S0626,GEN202
S0627,GEN202
S0628,GEN202
S0629,GEN202
S0630,GEN202
S0631,GEN202
S0632,GEN202
S0633,GEN203
S0634,GEN203
S0635,GEN203
S0636,GEN203
S0637,GEN203
S0638,GEN203
S0639,GEN203
S0640,GEN203
S0641,GEN203
S0642,GEN203
S0643,GEN203
S0644,GEN203
S0645,GEN203
S0646,GEN203
S0647,GEN203
S0648,GEN203
S0649,GEN203
S0650,GEN203
S0651,GEN101
S0651,FTA101
S0652,GEN101
S0652,FTA101
S0653,GEN101
S0653,FTA101
S0654,GEN101
S0654,FTA101
S0655,GEN101
S0655,FTA101
S0656,GEN101
S0656,FTA101
S0657,GEN101
S0657,FTA101
S0658,GEN101
S0658,FTA101
S0659,GEN101
S0659,FTA101
S0660,GEN101
S0660,FTA101
S0661,GEN101
S0661,FTA101
S0662,GEN101
S0662,FTA101
S0663,GEN101
S0663,FTA101
S0664,GEN101
S0664,FTA101
S0665,GEN101
S0665,FTA101
S0666,GEN101
S0666,FTA101
S0667,GEN102
S0667,FTA102
S0667,TIN201
S0667,TIN202
S0667,TIN203
S0667,TIN204
S0668,GEN102
S0668,FTA102
S0668,TIN201
S0668,TIN202
S0668,TIN203
S0668,TIN204
S0669,GEN102
S0669,FTA102
S0669,TIN201
S0669,TIN202
S0669,TIN203
S0669,TIN204
S0670,GEN102
S0670,FTA102
S0670,TIN201
S0670,TIN202
S0670,TIN203
S0670,TIN204
S0671,GEN102
S0671,FTA102
S0671,TIN201
S0671,TIN202
S0671,TIN203
S0671,TIN204
S0672,GEN102
S0672,FTA102
S0672,TIN201
S0672,TIN202
S0672,TIN203
S0672,TIN204
S0673,GEN102
S0673,FTA102
S0673,TIN201
S0673,TIN202
S0673,TIN203
S0673,TIN204
S0674,GEN102
S0674,FTA102
S0674,TIN201
S0674,TIN202
S0674,TIN203
S0674,TIN204
S0675,GEN102
S0675,FTA102
S0675,TIN201
S0675,TIN202
S0675,TIN203
S0675,TIN204
S0676,GEN102
S0676,FTA102
S0676,TIN201
S0676,TIN202
S0676,TIN203
S0676,TIN204
S0677,GEN102
S0677,FTA102
S0677,TIN201
S0677,TIN202
S0677,TIN203
S0677,TIN204
S0678,GEN102
S0678,FTA102
S0678,TIN201
S0678,TIN202
S0678,TIN203
S0678,TIN204
S0679,GEN102
S0679,FTA102
S0679,TIN201
S0679,TIN202
S0679,TIN203
S0679,TIN204
S0680,GEN102
S0680,FTA102
S0680,TIN201
S0680,TIN202
S0680,TIN203
S0680,TIN204
S0681,GEN102
S0681,FTA102
S0681,TIN201
S0681,TIN202
S0681,TIN203
S0681,TIN204
S0682,GEN102
S0682,FTA102
S0682,TIN201
S0682,TIN202
S0682,TIN203
S0682,TIN204
S0683,GEN103
S0684,GEN103
S0685,GEN103
S0685,TIN201
S0685,TIN202
S0686,GEN103
S0687,GEN103
S0688,GEN103
S0688,TIN204
S0688,TIN202
S0689,GEN103
S0690,GEN103
S0691,GEN103
S0691,TIN201
S0691,TIN203
S0692,GEN103
S0692,TIN203
S0692,TIN202
S0693,GEN103
S0694,GEN103
S0695,GEN103
S0695,TIN204
S0695,TIN203
S0696,GEN103
S0697,GEN103
S0698,GEN103
S0699,GEN104
S0699,TIN401
S0699,TIN402
S0699,TIN403
S0699,TIN404
S0700,GEN104
S0700,TIN401
S0700,TIN402
S0700,TIN403
S0700,TIN404
S0701,GEN104
S0701,TIN401
S0701,TIN402
S0701,TIN403
S0701,TIN404
S0702,GEN104
S0702,TIN401
S0702,TIN402
S0702,TIN403
S0702,TIN404
S0703,GEN104
S0703,TIN401
S0703,TIN402
S0703,TIN403
S0703,TIN404
S0704,GEN104
S0704,TIN401
S0704,TIN402
S0704,TIN403
S0704,TIN404
S0705,GEN104
S0705,TIN401
S0705,TIN402
S0705,TIN403
S0705,TIN404
S0706,GEN104
S0706,TIN401
S0706,TIN402
S0706,TIN403
S0706,TIN404
S0707,GEN104
S0707,TIN401
S0707,TIN402
S0707,TIN403
S0707,TIN404
S0708,GEN104
S0708,TIN401
S0708,TIN402
S0708,TIN403
S0708,TIN404
S0709,GEN104
S0709,TIN401
S0709,TIN402
S0709,TIN403
S0709,TIN404
S0710,GEN104
S0710,TIN401
S0710,TIN402
S0710,TIN403
S0710,TIN404
S0711,GEN104
S0711,TIN401
S0711,TIN402
S0711,TIN403
S0711,TIN404
S0712,GEN104
S0712,TIN401
S0712,TIN402
S0712,TIN403
S0712,TIN404
S0713,GEN104
S0713,TIN401
S0713,TIN402
S0713,TIN403
S0713,TIN404
S0714,GEN104
S0714,TIN401
S0714,TIN402
S0714,TIN403
S0714,TIN404
S0715,GEN105
S0715,TIN701
S0715,TIN403
S0715,TIN401
S0716,GEN105
S0716,TIN701
S0717,GEN105
S0717,TIN701
S0718,GEN105
S0718,TIN701
S0718,TIN404
S0718,TIN402
S0719,GEN105
S0719,TIN701
S0720,GEN105
S0720,TIN701
S0721,GEN105
S0721,TIN701
S0722,GEN105
S0722,TIN701
S0723,GEN105
S0723,TIN701
S0724,GEN105
S0724,TIN701
S0725,GEN105
S0725,TIN701
S0725,TIN404
S0725,TIN401
S0726,GEN105
S0726,TIN701
S0727,GEN105
S0727,TIN701
S0728,GEN105
S0728,TIN701
S0729,GEN105
S0729,TIN701
S0730,GEN105
S0730,TIN701
S0731,GEN201
S0731,TIN601
S0731,TIN602
S0731,TIN603
S0731,TIN604
S0731,TIN701
S0732,GEN201
S0732,TIN601
S0732,TIN602
S0732,TIN603
S0732,TIN604
S0732,TIN701
S0733,GEN201
S0733,TIN601
S0733,TIN602
S0733,TIN603
S0733,TIN604
S0733,TIN701
S0734,GEN201
S0734,TIN601
S0734,TIN602
S0734,TIN603
S0734,TIN604
S0734,TIN701
S0735,GEN201
S0735,TIN601
S0735,TIN602
S0735,TIN603
S0735,TIN604
S0735,TIN701
S0736,GEN201
S0736,TIN601
S0736,TIN602
S0736,TIN603
S0736,TIN604
S0736,TIN701
S0737,GEN201
S0737,TIN601
S0737,TIN602
S0737,TIN603
S0737,TIN604
S0737,TIN701
S0738,GEN201
S0738,TIN601
S0738,TIN602
S0738,TIN603
S0738,TIN604
S0738,TIN701
S0739,GEN201
S0739,TIN601
S0739,TIN602
S0739,TIN603
S0739,TIN604
S0739,TIN701
S0740,GEN201
S0740,TIN601
S0740,TIN602
S0740,TIN603
S0740,TIN604
S0740,TIN701
S0741,GEN201
S0741,TIN601
S0741,TIN602
S0741,TIN603
S0741,TIN604
S0741,TIN701
S0742,GEN201
S0742,TIN601
S0742,TIN602
S0742,TIN603
S0742,TIN604
S0742,TIN701
S0743,GEN201
S0743,TIN601
S0743,TIN602
S0743,TIN603
S0743,TIN604
S0743,TIN701
S0744,GEN201
S0744,TIN601
S0744,TIN602
S0744,TIN603
S0744,TIN604
S0744,TIN701
S0745,GEN201
S0745,TIN601
S0745,TIN602
S0745,TIN603
S0745,TIN604
S0745,TIN701
S0746,GEN201
S0746,TIN601
S0746,TIN602
S0746,TIN603
S0746,TIN604
S0746,TIN701
S0747,GEN202
S0747,TIN701
S0747,TIN604
S0747,TIN601
S0748,GEN202
S0748,TIN701
S0749,GEN202
S0749,TIN701
S0750,GEN202
S0750,TIN701
S0751,GEN202
S0751,TIN701
S0752,GEN202
S0752,TIN701
S0752,TIN603
S0752,TIN604
S0753,GEN202
S0753,TIN701
S0754,GEN202
S0754,TIN701
S0755,GEN202
S0755,TIN701
S0756,GEN202
S0756,TIN701
S0756,TIN602
S0756,TIN601
S0757,GEN202
S0757,TIN701
S0758,GEN202
S0758,TIN701
S0759,GEN202
S0759,TIN701
S0760,GEN202
S0760,TIN701
S0761,GEN202
S0761,TIN701
S0762,GEN202
S0762,TIN701
S0763,GEN203
S0763,TIN701
S0764,GEN203
S0764,TIN701
S0765,GEN203
S0765,TIN701
S0766,GEN203
S0766,TIN701
S0767,GEN203
S0767,TIN701
S0768,GEN203
S0768,TIN701
S0769,GEN203
S0769,TIN701
S0770,GEN203
S0770,TIN701
S0771,GEN203
S0771,TIN701
S0772,GEN203
S0772,TIN701
S0773,GEN203
S0773,TIN701
S0774,GEN203
S0774,TIN701
S0775,GEN203
S0775,TIN701
S0776,GEN203
S0776,TIN701
S0777,GEN203
S0777,TIN701
S0778,GEN203
S0778,TIN701
S0779,GEN203
S0779,TIN701
S0780,GEN203
S0780,TIN701
S0781,GEN101
S0781,FTA101
S0782,GEN101
S0782,FTA101
S0783,GEN101
S0783,FTA101
S0784,GEN101
S0784,FTA101
S0785,GEN101
S0785,FTA101
S0786,GEN101
S0786,FTA101
S0787,GEN101
S0787,FTA101
S0788,GEN101
S0788,FTA101
S0789,GEN101
S0789,FTA101
S0790,GEN101
S0790,FTA101
S0791,GEN101
S0791,FTA101
S0792,GEN101
S0792,FTA101
S0793,GEN101
S0793,FTA101
S0794,GEN101
S0794,FTA101
S0795,GEN101
S0795,FTA101
S0796,GEN101
S0796,FTA101
S0797,GEN102
S0797,FTA102
S0797,TEP201
S0797,TEP202
S0797,TEP203
S0797,TEP204
S0798,GEN102
S0798,FTA102
S0798,TEP201
S0798,TEP202
S0798,TEP203
S0798,TEP204
S0799,GEN102
S0799,FTA102
S0799,TEP201
S0799,TEP202
S0799,TEP203
S0799,TEP204
S0800,GEN102
S0800,FTA102
S0800,TEP201
S0800,TEP202
S0800,TEP203
S0800,TEP204
S0801,GEN102
S0801,FTA102
S0801,TEP201
S0801,TEP202
S0801,TEP203
S0801,TEP204
S0802,GEN102
S0802,FTA102
S0802,TEP201
S0802,TEP202
S0802,TEP203
S0802,TEP204
S0803,GEN102
S0803,FTA102
S0803,TEP201
S0803,TEP202
S0803,TEP203
S0803,TEP204
S0804,GEN102
S0804,FTA102
S0804,TEP201
S0804,TEP202
S0804,TEP203
S0804,TEP204
S0805,GEN102
S0805,FTA102
S0805,TEP201
S0805,TEP202
S0805,TEP203
S0805,TEP204
S0806,GEN102
S0806,FTA102
S0806,TEP201
S0806,TEP202
S0806,TEP203
S0806,TEP204
S0807,GEN102
S0807,FTA102
S0807,TEP201
S0807,TEP202
S0807,TEP203
S0807,TEP204
S0808,GEN102
S0808,FTA102
S0808,TEP201
S0808,TEP202
S0808,TEP203
S0808,TEP204
S0809,GEN102
S0809,FTA102
S0809,TEP201
S0809,TEP202
S0809,TEP203
S0809,TEP204
S0810,GEN102
S0810,FTA102
S0810,TEP201
S0810,TEP202
S0810,TEP203
S0810,TEP204
S0811,GEN102
S0811,FTA102
S0811,TEP201
S0811,TEP202
S0811,TEP203
S0811,TEP204
S0812,GEN102
S0812,FTA102
S0812,TEP201
S0812,TEP202
S0812,TEP203
S0812,TEP204
S0813,GEN103
S0814,GEN103
S0814,TEP203
S0814,TEP201
S0815,GEN103
S0816,GEN103
S0817,GEN103
S0818,GEN103
S0819,GEN103
S0820,GEN103
S0820,TEP204
S0820,TEP203
S0821,GEN103
S0821,TEP201
S0821,TEP202
S0822,GEN103
S0823,GEN103
S0824,GEN103
S0825,GEN103
S0826,GEN103
S0827,GEN103
S0828,GEN103
S0828,TEP202
S0828,TEP201
S0829,GEN104
S0829,TEP401
S0829,TEP402
S0829,TEP403
S0829,TEP404
S0830,GEN104
S0830,TEP401
S0830,TEP402
S0830,TEP403
S0830,TEP404
S0831,GEN104
S0831,TEP401
S0831,TEP402
S0831,TEP403
S0831,TEP404
S0832,GEN104
S0832,TEP401
S0832,TEP402
S0832,TEP403
S0832,TEP404
S0833,GEN104
S0833,TEP401
S0833,TEP402
S0833,TEP403
S0833,TEP404
S0834,GEN104
S0834,TEP401
S0834,TEP402
S0834,TEP403
S0834,TEP404
S0835,GEN104
S0835,TEP401
S0835,TEP402
S0835,TEP403
S0835,TEP404
S0836,GEN104
S0836,TEP401
S0836,TEP402
S0836,TEP403
S0836,TEP404
S0837,GEN104
S0837,TEP401
S0837,TEP402
S0837,TEP403
S0837,TEP404
S0838,GEN104
S0838,TEP401
S0838,TEP402
S0838,TEP403
S0838,TEP404
S0839,GEN104
S0839,TEP401
S0839,TEP402
S0839,TEP403
S0839,TEP404
S0840,GEN104
S0840,TEP401
S0840,TEP402
S0840,TEP403
S0840,TEP404
S0841,GEN104
S0841,TEP401
S0841,TEP402
S0841,TEP403
S0841,TEP404
S0842,GEN104
S0842,TEP401
S0842,TEP402
S0842,TEP403
S0842,TEP404
S0843,GEN104
S0843,TEP401
S0843,TEP402
S0843,TEP403
S0843,TEP404
S0844,GEN104
S0844,TEP401
S0844,TEP402
S0844,TEP403
S0844,TEP404
S0845,GEN105
S0845,TEP701
S0845,TEP402
S0845,TEP404
S0846,GEN105
S0846,TEP701
S0847,GEN105
S0847,TEP701
S0848,GEN105
S0848,TEP701
S0849,GEN105
S0849,TEP701
S0850,GEN105
S0850,TEP701
S0851,GEN105
S0851,TEP701
S0852,GEN105
S0852,TEP701
S0853,GEN105
S0853,TEP701
S0854,GEN105
S0854,TEP701
S0854,TEP401
S0854,TEP404
S0855,GEN105
S0855,TEP701
S0856,GEN105
S0856,TEP701
S0856,TEP404
S0856,TEP401
S0857,GEN105
S0857,TEP701
S0858,GEN105
S0858,TEP701
S0859,GEN105
S0859,TEP701
S0859,TEP402
S0859,TEP404
S0860,GEN105
S0860,TEP701
S0861,GEN201
S0861,TEP601
S0861,TEP602
S0861,TEP603
S0861,TEP604
S0861,TEP701
S0862,GEN201
S0862,TEP601
S0862,TEP602
S0862,TEP603
S0862,TEP604
S0862,TEP701
S0863,GEN201
S0863,TEP601
S0863,TEP602
S0863,TEP603
S0863,TEP604
S0863,TEP701
S0864,GEN201
S0864,TEP601
S0864,TEP602
S0864,TEP603
S0864,TEP604
S0864,TEP701
S0865,GEN201
S0865,TEP601
S0865,TEP602
S0865,TEP603
S0865,TEP604
S0865,TEP701
S0866,GEN201
S0866,TEP601
S0866,TEP602
S0866,TEP603
S0866,TEP604
S0866,TEP701
S0867,GEN201
S0867,TEP601
S0867,TEP602
S0867,TEP603
S0867,TEP604
S0867,TEP701
S0868,GEN201
S0868,TEP601
S0868,TEP602
S0868,TEP603
S0868,TEP604
S0868,TEP701
S0869,GEN201
S0869,TEP601
S0869,TEP602
S0869,TEP603
S0869,TEP604
S0869,TEP701
S0870,GEN201
S0870,TEP601
S0870,TEP602
S0870,TEP603
S0870,TEP604
S0870,TEP701
S0871,GEN201
S0871,TEP601
S0871,TEP602
S0871,TEP603
S0871,TEP604
S0871,TEP701
S0872,GEN201
S0872,TEP601
S0872,TEP602
S0872,TEP603
S0872,TEP604
S0872,TEP701
S0873,GEN201
S0873,TEP601
S0873,TEP602
S0873,TEP603
S0873,TEP604
S0873,TEP701
S0874,GEN201
S0874,TEP601
S0874,TEP602
S0874,TEP603
S0874,TEP604
S0874,TEP701
S0875,GEN201
S0875,TEP601
S0875,TEP602
S0875,TEP603
S0875,TEP604
S0875,TEP701
S0876,GEN201
S0876,TEP601
S0876,TEP602
S0876,TEP603
S0876,TEP604
S0876,TEP701
S0877,GEN202
S0877,TEP701
S0878,GEN202
S0878,TEP701
S0879,GEN202
S0879,TEP701
S0880,GEN202
S0880,TEP701
S0881,GEN202
S0881,TEP701
S0882,GEN202
S0882,TEP701
S0883,GEN202
S0883,TEP701
S0884,GEN202
S0884,TEP701
S0885,GEN202
S0885,TEP701
S0886,GEN202
S0886,TEP701
S0887,GEN202
S0887,TEP701
S0888,GEN202
S0888,TEP701
S0889,GEN202
S0889,TEP701
S0889,TEP602
S0889,TEP603
S0890,GEN202
S0890,TEP701
S0890,TEP604
S0890,TEP603
S0891,GEN202
S0891,TEP701
S0891,TEP604
S0891,TEP601
S0892,GEN202
S0892,TEP701
S0893,GEN203
S0893,TEP701
S0894,GEN203
S0894,TEP701
S0895,GEN203
S0895,TEP701
S0896,GEN203
S0896,TEP701
S0897,GEN203
S0897,TEP701
S0898,GEN203
S0898,TEP701
S0899,GEN203
S0899,TEP701
S0900,GEN203
S0900,TEP701
S0901,GEN203
S0901,TEP701
S0902,GEN203
S0902,TEP701
S0903,GEN203
S0903,TEP701
S0904,GEN203
S0904,TEP701
S0905,GEN203
S0905,TEP701
S0906,GEN203
S0906,TEP701
S0907,GEN203
S0907,TEP701
S0908,GEN203
S0908,TEP701
S0909,GEN203
S0909,TEP701
S0910,GEN203
S0910,TEP701
S0911,GEN101
S0911,FTA101
S0912,GEN101
S0912,FTA101
S0913,GEN101
S0913,FTA101
S0914,GEN101
S0914,FTA101
S0915,GEN101
S0915,FTA101
S0916,GEN101
S0916,FTA101
S0917,GEN101
S0917,FTA101
S0918,GEN101
S0918,FTA101
S0919,GEN101
S0919,FTA101
S0920,GEN101
S0920,FTA101
S0921,GEN101
S0921,FTA101
S0922,GEN101
S0922,FTA101
S0923,GEN101
S0923,FTA101
S0924,GEN101
S0924,FTA101
S0925,GEN101
S0925,FTA101
S0926,GEN101
S0926,FTA101
S0927,GEN102
S0927,FTA102
S0928,GEN102
S0928,FTA102
S0929,GEN102
S0929,FTA102
S0930,GEN102
S0930,FTA102
S0931,GEN102
S0931,FTA102
S0932,GEN102
S0932,FTA102
S0933,GEN102
S0933,FTA102
S0934,GEN102
S0934,FTA102
S0935,GEN102
S0935,FTA102
S0936,GEN102
S0936,FTA102
S0937,GEN102
S0937,FTA102
S0938,GEN102
S0938,FTA102
S0939,GEN102
S0939,FTA102
S0940,GEN102
S0940,FTA102
S0941,GEN102
S0941,FTA102
S0942,GEN102
S0942,FTA102
S0943,GEN103
S0944,GEN103
S0945,GEN103
S0946,GEN103
S0947,GEN103
S0948,GEN103
S0949,GEN103
S0950,GEN103
S0951,GEN103
S0952,GEN103
S0953,GEN103
S0954,GEN103
S0955,GEN103
S0956,GEN103
S0957,GEN103
S0958,GEN103
S0959,GEN104
S0960,GEN104
S0961,GEN104
S0962,GEN104
S0963,GEN104
S0964,GEN104
S0965,GEN104
S0966,GEN104
S0967,GEN104
S0968,GEN104
S0969,GEN104
S0970,GEN104
S0971,GEN104
S0972,GEN104
S0973,GEN104
S0974,GEN104
S0975,GEN105
S0976,GEN105
S0977,GEN105
S0978,GEN105
S0979,GEN105
S0980,GEN105
S0981,GEN105
S0982,GEN105
S0983,GEN105
S0984,GEN105
S0985,GEN105
S0986,GEN105
S0987,GEN105
S0988,GEN105
S0989,GEN105
S0990,GEN105
S0991,GEN201
S0992,GEN201
S0993,GEN201
S0994,GEN201
S0995,GEN201
S0996,GEN201
S0997,GEN201
S0998,GEN201
S0999,GEN201
S1000,GEN201
S1001,GEN201
S1002,GEN201
S1003,GEN201
S1004,GEN201
S1005,GEN201
S1006,GEN201
S1007,GEN202
S1008,GEN202
S1009,GEN202
S1010,GEN202
S1011,GEN202
S1012,GEN202
S1013,GEN202
S1014,GEN202
S1015,GEN202
S1016,GEN202
S1017,GEN202
S1018,GEN202
S1019,GEN202
S1020,GEN202
S1021,GEN202
S1022,GEN202
S1023,GEN203
S1024,GEN203
S1025,GEN203
S1026,GEN203
S1027,GEN203
S1028,GEN203
S1029,GEN203
S1030,GEN203
S1031,GEN203
S1032,GEN203
S1033,GEN203
S1034,GEN203
S1035,GEN203
S1036,GEN203
S1037,GEN203
S1038,GEN203
S1039,GEN203
S1040,GEN203
S1041,GEN101
S1041,FTA101
S1042,GEN101
S1042,FTA101
S1043,GEN101
S1043,FTA101
S1044,GEN101
S1044,FTA101
S1045,GEN101
S1045,FTA101
S1046,GEN101
S1046,FTA101
S1047,GEN101
S1047,FTA101
S1048,GEN101
S1048,FTA101
S1049,GEN101
S1049,FTA101
S1050,GEN101
S1050,FTA101
S1051,GEN101
S1051,FTA101
S1052,GEN101
S1052,FTA101
S1053,GEN101
S1053,FTA101
S1054,GEN101
S1054,FTA101
S1055,GEN101
S1055,FTA101
S1056,GEN101
S1056,FTA101
S1057,GEN102
S1057,FTA102
S1058,GEN102
S1058,FTA102
S1059,GEN102
S1059,FTA102
S1060,GEN102
S1060,FTA102
S1061,GEN102
S1061,FTA102
S1062,GEN102
S1062,FTA102
S1063,GEN102
S1063,FTA102
S1064,GEN102
S1064,FTA102
S1065,GEN102
S1065,FTA102
S1066,GEN102
S1066,FTA102
S1067,GEN102
S1067,FTA102
S1068,GEN102
S1068,FTA102
S1069,GEN102
S1069,FTA102
S1070,GEN102
S1070,FTA102
S1071,GEN102
S1071,FTA102
S1072,GEN102
S1072,FTA102
S1073,GEN103
S1074,GEN103
S1075,GEN103
S1076,GEN103
S1077,GEN103
S1078,GEN103
S1079,GEN103
S1080,GEN103
S1081,GEN103
S1082,GEN103
S1083,GEN103
S1084,GEN103
S1085,GEN103
S1086,GEN103
S1087,GEN103
S1088,GEN103
S1089,GEN104
S1090,GEN104
S1091,GEN104
S1092,GEN104
S1093,GEN104
S1094,GEN104
S1095,GEN104
S1096,GEN104
S1097,GEN104
S1098,GEN104
S1099,GEN104
S1100,GEN104
S1101,GEN104
S1102,GEN104
S1103,GEN104
S1104,GEN104
S1105,GEN105
S1106,GEN105
S1107,GEN105
S1108,GEN105
S1109,GEN105
S1110,GEN105
S1111,GEN105
S1112,GEN105
S1113,GEN105
S1114,GEN105
S1115,GEN105
S1116,GEN105
S1117,GEN105
S1118,GEN105
S1119,GEN105
S1120,GEN105
S1121,GEN201
S1122,GEN201
S1123,GEN201
S1124,GEN201
S1125,GEN201
S1126,GEN201
S1127,GEN201
S1128,GEN201
S1129,GEN201
S1130,GEN201
S1131,GEN201
S1132,GEN201
S1133,GEN201
S1134,GEN201
S1135,GEN201
S1136,GEN201
S1137,GEN202
S1138,GEN202
S1139,GEN202
S1140,GEN202
S1141,GEN202
S1142,GEN202
S1143,GEN202
S1144,GEN202
S1145,GEN202
S1146,GEN202
S1147,GEN202
S1148,GEN202
S1149,GEN202
S1150,GEN202
S1151,GEN202
S1152,GEN202
S1153,GEN203
S1154,GEN203
S1155,GEN203
S1156,GEN203
S1157,GEN203
S1158,GEN203
S1159,GEN203
S1160,GEN203
S1161,GEN203
S1162,GEN203
S1163,GEN203
S1164,GEN203
S1165,GEN203
S1166,GEN203
S1167,GEN203
S1168,GEN203
S1169,GEN203
S1170,GEN203
S1171,GEN101
S1171,FEM101
S1172,GEN101
S1172,FEM101
S1173,GEN101
S1173,FEM101
S1174,GEN101
S1174,FEM101
S1175,GEN101
S1175,FEM101
S1176,GEN101
S1176,FEM101
S1177,GEN101
S1177,FEM101
S1178,GEN101
S1178,FEM101
S1179,GEN101
S1179,FEM101
S1180,GEN101
S1180,FEM101
S1181,GEN101
S1181,FEM101
S1182,GEN101
S1182,FEM101
S1183,GEN101
S1183,FEM101
S1184,GEN101
S1184,FEM101
S1185,GEN101
S1185,FEM101
S1186,GEN101
S1186,FEM101
S1187,GEN102
S1187,FEM102
S1187,MAN201
S1187,MAN202
S1187,MAN203
S1187,MAN204
S1188,GEN102
S1188,FEM102
S1188,MAN201
S1188,MAN202
S1188,MAN203
S1188,MAN204
S1189,GEN102
S1189,FEM102
S1189,MAN201
S1189,MAN202
S1189,MAN203
S1189,MAN204
S1190,GEN102
S1190,FEM102
S1190,MAN201
S1190,MAN202
S1190,MAN203
S1190,MAN204
S1191,GEN102
S1191,FEM102
S1191,MAN201
S1191,MAN202
S1191,MAN203
S1191,MAN204
S1192,GEN102
S1192,FEM102
S1192,MAN201
S1192,MAN202
S1192,MAN203
S1192,MAN204
S1193,GEN102
S1193,FEM102
S1193,MAN201
S1193,MAN202
S1193,MAN203
S1193,MAN204
S1194,GEN102
S1194,FEM102
S1194,MAN201
S1194,MAN202
S1194,MAN203
S1194,MAN204
S1195,GEN102
S1195,FEM102
S1195,MAN201
S1195,MAN202
S1195,MAN203
S1195,MAN204
S1196,GEN102
S1196,FEM102
S1196,MAN201
S1196,MAN202
S1196,MAN203
S1196,MAN204
S1197,GEN102
S1197,FEM102
S1197,MAN201
S1197,MAN202
S1197,MAN203
S1197,MAN204
S1198,GEN102
S1198,FEM102
S1198,MAN201
S1198,MAN202
S1198,MAN203
S1198,MAN204
S1199,GEN102
S1199,FEM102
S1199,MAN201
S1199,MAN202
S1199,MAN203
S1199,MAN204
S1200,GEN102
S1200,FEM102
S1200,MAN201
S1200,MAN202
S1200,MAN203
S1200,MAN204
S1201,GEN102
S1201,FEM102
S1201,MAN201
S1201,MAN202
S1201,MAN203
S1201,MAN204
S1202,GEN102
S1202,FEM102
S1202,MAN201
S1202,MAN202
S1202,MAN203
S1202,MAN204
S1203,GEN103
S1204,GEN103
S1204,MAN204
S1204,MAN203
S1205,GEN103
S1206,GEN103
S1207,GEN103
S1208,GEN103
S1209,GEN103
S1210,GEN103
S1210,MAN203
S1210,MAN204
S1211,GEN103
S1212,GEN103
S1213,GEN103
S1213,MAN202
S1213,MAN203
S1214,GEN103
S1215,GEN103
S1216,GEN103
S1217,GEN103
S1218,GEN103
S1219,GEN104
S1219,MAN401
S1219,MAN402
S1219,MAN403
S1219,MAN404
S1220,GEN104
S1220,MAN401
S1220,MAN402
S1220,MAN403
S1220,MAN404
S1221,GEN104
S1221,MAN401
S1221,MAN402
S1221,MAN403
S1221,MAN404
S1222,GEN104
S1222,MAN401
S1222,MAN402
S1222,MAN403
S1222,MAN404
S1223,GEN104
S1223,MAN401
S1223,MAN402
S1223,MAN403
S1223,MAN404
S1224,GEN104
S1224,MAN401
S1224,MAN402
S1224,MAN403
S1224,MAN404
S1225,GEN104
S1225,MAN401
S1225,MAN402
S1225,MAN403
S1225,MAN404
S1226,GEN104
S1226,MAN401
S1226,MAN402
S1226,MAN403
S1226,MAN404
S1227,GEN104
S1227,MAN401
S1227,MAN402
S1227,MAN403
S1227,MAN404
S1228,GEN104
S1228,MAN401
S1228,MAN402
S1228,MAN403
S1228,MAN404
S1229,GEN104
S1229,MAN401
S1229,MAN402
S1229,MAN403
S1229,MAN404
S1230,GEN104
S1230,MAN401
S1230,MAN402
S1230,MAN403
S1230,MAN404
S1231,GEN104
S1231,MAN401
S1231,MAN402
S1231,MAN403
S1231,MAN404
S1232,GEN104
S1232,MAN401
S1232,MAN402
S1232,MAN403
S1232,MAN404
S1233,GEN104
S1233,MAN401
S1233,MAN402
S1233,MAN403
S1233,MAN404
S1234,GEN104
S1234,MAN401
S1234,MAN402
S1234,MAN403
S1234,MAN404
S1235,GEN105
S1235,MAN701
S1236,GEN105
S1236,MAN701
S1237,GEN105
S1237,MAN701
S1238,GEN105
S1238,MAN701
S1239,GEN105
S1239,MAN701
S1239,MAN401
S1239,MAN402
S1240,GEN105
S1240,MAN701
S1241,GEN105
S1241,MAN701
S1241,MAN404
S1241,MAN403
S1242,GEN105
S1242,MAN701
S1243,GEN105
S1243,MAN701
S1244,GEN105
S1244,MAN701
S1244,MAN403
S1244,MAN401
S1245,GEN105
S1245,MAN701
S1246,GEN105
S1246,MAN701
S1247,GEN105
S1247,MAN701
S1247,MAN403
S1247,MAN404
S1248,GEN105
S1248,MAN701
S1249,GEN105
S1249,MAN701
S1249,MAN401
S1249,MAN403
S1250,GEN105
S1250,MAN701
S1251,GEN201
S1251,MAN601
S1251,MAN602
S1251,MAN603
S1251,MAN604
S1251,MAN701
S1252,GEN201
S1252,MAN601
S1252,MAN602
S1252,MAN603
S1252,MAN604
S1252,MAN701
S1253,GEN201
S1253,MAN601
S1253,MAN602
S1253,MAN603
S1253,MAN604
S1253,MAN701
S1254,GEN201
S1254,MAN601
S1254,MAN602
S1254,MAN603
S1254,MAN604
S1254,MAN701
S1255,GEN201
S1255,MAN601
S1255,MAN602
S1255,MAN603
S1255,MAN604
S1255,MAN701
S1256,GEN201
S1256,MAN601
S1256,MAN602
S1256,MAN603
S1256,MAN604
S1256,MAN701
S1257,GEN201
S1257,MAN601
S1257,MAN602
S1257,MAN603
S1257,MAN604
S1257,MAN701
S1258,GEN201
S1258,MAN601
S1258,MAN602
S1258,MAN603
S1258,MAN604
S1258,MAN701
S1259,GEN201
S1259,MAN601
S1259,MAN602
S1259,MAN603
S1259,MAN604
S1259,MAN701
S1260,GEN201
S1260,MAN601
S1260,MAN602
S1260,MAN603
S1260,MAN604
S1260,MAN701
S1261,GEN201
S1261,MAN601
S1261,MAN602
S1261,MAN603
S1261,MAN604
S1261,MAN701
S1262,GEN201
S1262,MAN601
S1262,MAN602
S1262,MAN603
S1262,MAN604
S1262,MAN701
S1263,GEN201
S1263,MAN601
S1263,MAN602
S1263,MAN603
S1263,MAN604
S1263,MAN701
S1264,GEN201
S1264,MAN601
S1264,MAN602
S1264,MAN603
S1264,MAN604
S1264,MAN701
S1265,GEN201
S1265,MAN601
S1265,MAN602
S1265,MAN603
S1265,MAN604
S1265,MAN701
S1266,GEN201
S1266,MAN601
S1266,MAN602
S1266,MAN603
S1266,MAN604
S1266,MAN701
S1267,GEN202
S1267,MAN701
S1267,MAN604
S1267,MAN602
S1268,GEN202
S1268,MAN701
S1269,GEN202
S1269,MAN701
S1269,MAN604
S1269,MAN603
S1270,GEN202
S1270,MAN701
S1271,GEN202
S1271,MAN701
S1272,GEN202
S1272,MAN701
S1272,MAN603
S1272,MAN601
S1273,GEN202
S1273,MAN701
S1274,GEN202
S1274,MAN701
S1274,MAN603
S1274,MAN602
S1275,GEN202
S1275,MAN701
S1276,GEN202
S1276,MAN701
S1277,GEN202
S1277,MAN701
S1278,GEN202
S1278,MAN701
S1279,GEN202
S1279,MAN701
S1280,GEN202
S1280,MAN701
S1281,GEN202
S1281,MAN701
S1282,GEN202
S1282,MAN701
S1282,MAN602
S1282,MAN604
S1283,GEN203
S1283,MAN701
S1284,GEN203
S1284,MAN701
S1285,GEN203
S1285,MAN701
S1286,GEN203
S1286,MAN701
S1287,GEN203
S1287,MAN701
S1288,GEN203
S1288,MAN701
S1289,GEN203
S1289,MAN701
S1290,GEN203
S1290,MAN701
S1291,GEN203
S1291,MAN701
S1292,GEN203
S1292,MAN701
S1293,GEN203
S1293,MAN701
S1294,GEN203
S1294,MAN701
S1295,GEN203
S1295,MAN701
S1296,GEN203
S1296,MAN701
S1297,GEN203
S1297,MAN701
S1298,GEN203
S1298,MAN701
S1299,GEN203
S1299,MAN701
S1300,GEN203
S1300,MAN701
S1301,GEN101
S1301,FEM101
S1302,GEN101
S1302,FEM101
S1303,GEN101
S1303,FEM101
S1304,GEN101
S1304,FEM101
S1305,GEN101
S1305,FEM101
S1306,GEN101
S1306,FEM101
S1307,GEN101
S1307,FEM101
S1308,GEN101
S1308,FEM101
S1309,GEN101
S1309,FEM101
S1310,GEN101
S1310,FEM101
S1311,GEN101
S1311,FEM101
S1312,GEN101
S1312,FEM101
S1313,GEN101
S1313,FEM101
S1314,GEN101
S1314,FEM101
S1315,GEN101
S1315,FEM101
S1316,GEN101
S1316,FEM101
S1317,GEN102
S1317,FEM102
S1317,EKO201
S1317,EKO202
S1317,EKO203
S1317,EKO204
S1318,GEN102
S1318,FEM102
S1318,EKO201
S1318,EKO202
S1318,EKO203
S1318,EKO204
S1319,GEN102
S1319,FEM102
S1319,EKO201
S1319,EKO202
S1319,EKO203
S1319,EKO204
S1320,GEN102
S1320,FEM102
S1320,EKO201
S1320,EKO202
S1320,EKO203
S1320,EKO204
S1321,GEN102
S1321,FEM102
S1321,EKO201
S1321,EKO202
S1321,EKO203
S1321,EKO204
S1322,GEN102
S1322,FEM102
S1322,EKO201
S1322,EKO202
S1322,EKO203
S1322,EKO204
S1323,GEN102
S1323,FEM102
S1323,EKO201
S1323,EKO202
S1323,EKO203
S1323,EKO204
S1324,GEN102
S1324,FEM102
S1324,EKO201
S1324,EKO202
S1324,EKO203
S1324,EKO204
S1325,GEN102
S1325,FEM102
S1325,EKO201
S1325,EKO202
S1325,EKO203
S1325,EKO204
S1326,GEN102
S1326,FEM102
S1326,EKO201
S1326,EKO202
S1326,EKO203
S1326,EKO204
S1327,GEN102
S1327,FEM102
S1327,EKO201
S1327,EKO202
S1327,EKO203
S1327,EKO204
S1328,GEN102
S1328,FEM102
S1328,EKO201
S1328,EKO202
S1328,EKO203
S1328,EKO204
S1329,GEN102
S1329,FEM102
S1329,EKO201
S1329,EKO202
S1329,EKO203
S1329,EKO204
S1330,GEN102
S1330,FEM102
S1330,EKO201
S1330,EKO202
S1330,EKO203
S1330,EKO204
S1331,GEN102
S1331,FEM102
S1331,EKO201
S1331,EKO202
S1331,EKO203
S1331,EKO204
S1332,GEN102
S1332,FEM102
S1332,EKO201
S1332,EKO202
S1332,EKO203
S1332,EKO204
S1333,GEN103
S1333,EKO202
S1333,EKO201
S1334,GEN103
S1334,EKO204
S1334,EKO202
S1335,GEN103
S1336,GEN103
S1337,GEN103
S1338,GEN103
S1338,EKO201
S1338,EKO204
S1339,GEN103
S1339,EKO203
S1339,EKO201
S1340,GEN103
S1341,GEN103
S1342,GEN103
S1342,EKO201
S1342,EKO204
S1343,GEN103
S1344,GEN103
S1345,GEN103
S1345,EKO204
S1345,EKO201
S1346,GEN103
S1347,GEN103
S1348,GEN103
S1349,GEN104
S1349,EKO401
S1349,EKO402
S1349,EKO403
S1349,EKO404
S1350,GEN104
S1350,EKO401
S1350,EKO402
S1350,EKO403
S1350,EKO404
S1351,GEN104
S1351,EKO401
S1351,EKO402
S1351,EKO403
S1351,EKO404
S1352,GEN104
S1352,EKO401
S1352,EKO402
S1352,EKO403
S1352,EKO404
S1353,GEN104
S1353,EKO401
S1353,EKO402
S1353,EKO403
S1353,EKO404
S1354,GEN104
S1354,EKO401
S1354,EKO402
S1354,EKO403
S1354,EKO404
S1355,GEN104
S1355,EKO401
S1355,EKO402
S1355,EKO403
S1355,EKO404
S1356,GEN104
S1356,EKO401
S1356,EKO402
S1356,EKO403
S1356,EKO404
S1357,GEN104
S1357,EKO401
S1357,EKO402
S1357,EKO403
S1357,EKO404
S1358,GEN104
S1358,EKO401
S1358,EKO402
S1358,EKO403
S1358,EKO404
S1359,GEN104
S1359,EKO401
S1359,EKO402
S1359,EKO403
S1359,EKO404
S1360,GEN104
S1360,EKO401
S1360,EKO402
S1360,EKO403
S1360,EKO404
S1361,GEN104
S1361,EKO401
S1361,EKO402
S1361,EKO403
S1361,EKO404
S1362,GEN104
S1362,EKO401
S1362,EKO402
S1362,EKO403
S1362,EKO404
S1363,GEN104
S1363,EKO401
S1363,EKO402
S1363,EKO403
S1363,EKO404
S1364,GEN104
S1364,EKO401
S1364,EKO402
S1364,EKO403
S1364,EKO404
S1365,GEN105
S1365,EKO701
S1366,GEN105
S1366,EKO701
S1366,EKO401
S1366,EKO402
S1367,GEN105
S1367,EKO701
S1368,GEN105
S1368,EKO701
S1369,GEN105
S1369,EKO701
S1370,GEN105
S1370,EKO701
S1371,GEN105
S1371,EKO701
S1371,EKO401
S1371,EKO404
S1372,GEN105
S1372,EKO701
S1372,EKO403
S1372,EKO401
S1373,GEN105
S1373,EKO701
S1374,GEN105
S1374,EKO701
S1374,EKO404
S1374,EKO403
S1375,GEN105
S1375,EKO701
S1376,GEN105
S1376,EKO701
S1377,GEN105
S1377,EKO701
S1378,GEN105
S1378,EKO701
S1379,GEN105
S1379,EKO701
S1380,GEN105
S1380,EKO701
S1380,EKO404
S1380,EKO402
S1381,GEN201
S1381,EKO601
S1381,EKO602
S1381,EKO603
S1381,EKO604
S1381,EKO701
S1382,GEN201
S1382,EKO601
S1382,EKO602
S1382,EKO603
S1382,EKO604
S1382,EKO701
S1383,GEN201
S1383,EKO601
S1383,EKO602
S1383,EKO603
S1383,EKO604
S1383,EKO701
S1384,GEN201
S1384,EKO601
S1384,EKO602
S1384,EKO603
S1384,EKO604
S1384,EKO701
S1385,GEN201
S1385,EKO601
S1385,EKO602
S1385,EKO603
S1385,EKO604
S1385,EKO701
S1386,GEN201
S1386,EKO601
S1386,EKO602
S1386,EKO603
S1386,EKO604
S1386,EKO701
S1387,GEN201
S1387,EKO601
S1387,EKO602
S1387,EKO603
S1387,EKO604
S1387,EKO701
S1388,GEN201
S1388,EKO601
S1388,EKO602
S1388,EKO603
S1388,EKO604
S1388,EKO701
S1389,GEN201
S1389,EKO601
S1389,EKO602
S1389,EKO603
S1389,EKO604
S1389,EKO701
S1390,GEN201
S1390,EKO601
S1390,EKO602
S1390,EKO603
S1390,EKO604
S1390,EKO701
S1391,GEN201
S1391,EKO601
S1391,EKO602
S1391,EKO603
S1391,EKO604
S1391,EKO701
S1392,GEN201
S1392,EKO601
S1392,EKO602
S1392,EKO603
S1392,EKO604
S1392,EKO701
S1393,GEN201
S1393,EKO601
S1393,EKO602
S1393,EKO603
S1393,EKO604
S1393,EKO701
S1394,GEN201
S1394,EKO601
S1394,EKO602
S1394,EKO603
S1394,EKO604
S1394,EKO701
S1395,GEN201
S1395,EKO601
S1395,EKO602
S1395,EKO603
S1395,EKO604
S1395,EKO701
S1396,GEN201
S1396,EKO601
S1396,EKO602
S1396,EKO603
S1396,EKO604
S1396,EKO701
S1397,GEN202
S1397,EKO701
S1398,GEN202
S1398,EKO701
S1398,EKO601
S1398,EKO604
S1399,GEN202
S1399,EKO701
S1400,GEN202
S1400,EKO701
S1400,EKO601
S1400,EKO604
S1401,GEN202
S1401,EKO701
S1401,EKO601
S1401,EKO604
S1402,GEN202
S1402,EKO701
S1402,EKO604
S1402,EKO603
S1403,GEN202
S1403,EKO701
S1404,GEN202
S1404,EKO701
S1404,EKO602
S1404,EKO604
S1405,GEN202
S1405,EKO701
S1406,GEN202
S1406,EKO701
S1407,GEN202
S1407,EKO701
S1408,GEN202
S1408,EKO701
S1409,GEN202
S1409,EKO701
S1410,GEN202
S1410,EKO701
S1411,GEN202
S1411,EKO701
S1412,GEN202
S1412,EKO701
S1413,GEN203
S1413,EKO701
S1414,GEN203
S1414,EKO701
S1415,GEN203
S1415,EKO701
S1416,GEN203
S1416,EKO701
S1417,GEN203
S1417,EKO701
S1418,GEN203
S1418,EKO701
S1419,GEN203
S1419,EKO701
S1420,GEN203
S1420,EKO701
S1421,GEN203
S1421,EKO701
S1422,GEN203
S1422,EKO701
S1423,GEN203
S1423,EKO701
S1424,GEN203
S1424,EKO701
S1425,GEN203
S1425,EKO701
S1426,GEN203
S1426,EKO701
S1427,GEN203
S1427,EKO701
S1428,GEN203
S1428,EKO701
S1429,GEN203
S1429,EKO701
S1430,GEN203
S1430,EKO701
S1431,GEN101
S1431,FEM101
S1432,GEN101
S1432,FEM101
S1433,GEN101
S1433,FEM101
S1434,GEN101
S1434,FEM101
S1435,GEN101
S1435,FEM101
S1436,GEN101
S1436,FEM101
S1437,GEN101
S1437,FEM101
S1438,GEN101
S1438,FEM101
S1439,GEN101
S1439,FEM101
S1440,GEN101
S1440,FEM101
S1441,GEN101
S1441,FEM101
S1442,GEN101
S1442,FEM101
S1443,GEN101
S1443,FEM101
S1444,GEN101
S1444,FEM101
S1445,GEN101
S1445,FEM101
S1446,GEN101
S1446,FEM101
S1447,GEN102
S1447,FEM102
S1448,GEN102
S1448,FEM102
S1449,GEN102
S1449,FEM102
S1450,GEN102
S1450,FEM102
S1451,GEN102
S1451,FEM102
S1452,GEN102
S1452,FEM102
S1453,GEN102
S1453,FEM102
S1454,GEN102
S1454,FEM102
S1455,GEN102
S1455,FEM102
S1456,GEN102
S1456,FEM102
S1457,GEN102
S1457,FEM102
S1458,GEN102
S1458,FEM102
S1459,GEN102
S1459,FEM102
S1460,GEN102
S1460,FEM102
S1461,GEN102
S1461,FEM102
S1462,GEN102
S1462,FEM102
S1463,GEN103
S1464,GEN103
S1465,GEN103
S1466,GEN103
S1467,GEN103
S1468,GEN103
S1469,GEN103
S1470,GEN103
S1471,GEN103
S1472,GEN103
S1473,GEN103
S1474,GEN103
S1475,GEN103
S1476,GEN103
S1477,GEN103
S1478,GEN103
S1479,GEN104
S1480,GEN104
S1481,GEN104
S1482,GEN104
S1483,GEN104
S1484,GEN104
S1485,GEN104
S1486,GEN104
S1487,GEN104
S1488,GEN104
S1489,GEN104
S1490,GEN104
S1491,GEN104
S1492,GEN104
S1493,GEN104
S1494,GEN104
S1495,GEN105
S1496,GEN105
S1497,GEN105
S1498,GEN105
S1499,GEN105
S1500,GEN105
S1501,GEN105
S1502,GEN105
S1503,GEN105
S1504,GEN105
S1505,GEN105
S1506,GEN105
S1507,GEN105
S1508,GEN105
S1509,GEN105
S1510,GEN105
S1511,GEN201
S1512,GEN201
S1513,GEN201
S1514,GEN201
S1515,GEN201
S1516,GEN201
S1517,GEN201
S1518,GEN201
S1519,GEN201
S1520,GEN201
S1521,GEN201
S1522,GEN201
S1523,GEN201
S1524,GEN201
S1525,GEN201
S1526,GEN201
S1527,GEN202
S1528,GEN202
S1529,GEN202
S1530,GEN202
S1531,GEN202
S1532,GEN202
S1533,GEN202
S1534,GEN202
S1535,GEN202
S1536,GEN202
S1537,GEN202
S1538,GEN202
S1539,GEN202
S1540,GEN202
S1541,GEN202
S1542,GEN202
S1543,GEN203
S1544,GEN203
S1545,GEN203
S1546,GEN203
S1547,GEN203
S1548,GEN203
S1549,GEN203
S1550,GEN203
S1551,GEN203
S1552,GEN203
S1553,GEN203
S1554,GEN203
S1555,GEN203
S1556,GEN203
S1557,GEN203
S1558,GEN203
S1559,GEN203
S1560,GEN203
S1561,GEN101
S1561,FEM101
S1562,GEN101
S1562,FEM101
S1563,GEN101
S1563,FEM101
S1564,GEN101
S1564,FEM101
S1565,GEN101
S1565,FEM101
S1566,GEN101
S1566,FEM101
S1567,GEN101
S1567,FEM101
S1568,GEN101
S1568,FEM101
S1569,GEN101
S1569,FEM101
S1570,GEN101
S1570,FEM101
S1571,GEN101
S1571,FEM101
S1572,GEN101
S1572,FEM101
S1573,GEN101
S1573,FEM101
S1574,GEN101
S1574,FEM101
S1575,GEN101
S1575,FEM101
S1576,GEN101
S1576,FEM101
S1577,GEN102
S1577,FEM102
S1578,GEN102
S1578,FEM102
S1579,GEN102
S1579,FEM102
S1580,GEN102
S1580,FEM102
S1581,GEN102
S1581,FEM102
S1582,GEN102
S1582,FEM102
S1583,GEN102
S1583,FEM102
S1584,GEN102
S1584,FEM102
S1585,GEN102
S1585,FEM102
S1586,GEN102
S1586,FEM102
S1587,GEN102
S1587,FEM102
S1588,GEN102
S1588,FEM102
S1589,GEN102
S1589,FEM102
S1590,GEN102
S1590,FEM102
S1591,GEN102
S1591,FEM102
S1592,GEN102
S1592,FEM102
S1593,GEN103
S1594,GEN103
S1595,GEN103
S1596,GEN103
S1597,GEN103
S1598,GEN103
S1599,GEN103
S1600,GEN103
S1601,GEN103
S1602,GEN103
S1603,GEN103
S1604,GEN103
S1605,GEN103
S1606,GEN103
S1607,GEN103
S1608,GEN103
S1609,GEN104
S1610,GEN104
S1611,GEN104
S1612,GEN104
S1613,GEN104
S1614,GEN104
S1615,GEN104
S1616,GEN104
S1617,GEN104
S1618,GEN104
S1619,GEN104
S1620,GEN104
S1621,GEN104
S1622,GEN104
S1623,GEN104
S1624,GEN104
S1625,GEN105
S1626,GEN105
S1627,GEN105
S1628,GEN105
S1629,GEN105
S1630,GEN105
S1631,GEN105
S1632,GEN105
S1633,GEN105
S1634,GEN105
S1635,GEN105
S1636,GEN105
S1637,GEN105
S1638,GEN105
S1639,GEN105
S1640,GEN105
S1641,GEN201
S1642,GEN201
S1643,GEN201
S1644,GEN201
S1645,GEN201
S1646,GEN201
S1647,GEN201
S1648,GEN201
S1649,GEN201
S1650,GEN201
S1651,GEN201
S1652,GEN201
S1653,GEN201
S1654,GEN201
S1655,GEN201
S1656,GEN201
S1657,GEN202
S1658,GEN202
S1659,GEN202
S1660,GEN202
S1661,GEN202
S1662,GEN202
S1663,GEN202
S1664,GEN202
S1665,GEN202
S1666,GEN202
S1667,GEN202
S1668,GEN202
S1669,GEN202
S1670,GEN202
S1671,GEN202
S1672,GEN202
S1673,GEN203
S1674,GEN203
S1675,GEN203
S1676,GEN203
S1677,GEN203
S1678,GEN203
S1679,GEN203
S1680,GEN203
S1681,GEN203
S1682,GEN203
S1683,GEN203
S1684,GEN203
S1685,GEN203
S1686,GEN203
S1687,GEN203
S1688,GEN203
S1689,GEN203
S1690,GEN203
S1691,GEN101
S1691,FMA201
S1692,GEN101
S1692,FMA201
S1693,GEN101
S1693,FMA201
S1694,GEN101
S1694,FMA201
S1695,GEN101
S1695,FMA201
S1696,GEN101
S1696,FMA201
S1697,GEN101
S1697,FMA201
S1698,GEN101
S1698,FMA201
S1699,GEN101
S1699,FMA201
S1700,GEN101
S1700,FMA201
S1701,GEN101
S1701,FMA201
S1702,GEN101
S1702,FMA201
S1703,GEN101
S1703,FMA201
S1704,GEN101
S1704,FMA201
S1705,GEN101
S1705,FMA201
S1706,GEN101
S1706,FMA201
S1707,GEN102
S1707,FMA202
S1707,GIZ201
S1707,GIZ202
S1707,GIZ203
S1707,GIZ204
S1708,GEN102
S1708,FMA202
S1708,GIZ201
S1708,GIZ202
S1708,GIZ203
S1708,GIZ204
S1709,GEN102
S1709,FMA202
S1709,GIZ201
S1709,GIZ202
S1709,GIZ203
S1709,GIZ204
S1710,GEN102
S1710,FMA202
S1710,GIZ201
S1710,GIZ202
S1710,GIZ203
S1710,GIZ204
S1711,GEN102
S1711,FMA202
S1711,GIZ201
S1711,GIZ202
S1711,GIZ203
S1711,GIZ204
S1712,GEN102
S1712,FMA202
S1712,GIZ201
S1712,GIZ202
S1712,GIZ203
S1712,GIZ204
S1713,GEN102
S1713,FMA202
S1713,GIZ201
S1713,GIZ202
S1713,GIZ203
S1713,GIZ204
S1714,GEN102
S1714,FMA202
S1714,GIZ201
S1714,GIZ202
S1714,GIZ203
S1714,GIZ204
S1715,GEN102
S1715,FMA202
S1715,GIZ201
S1715,GIZ202
S1715,GIZ203
S1715,GIZ204
S1716,GEN102
S1716,FMA202
S1716,GIZ201
S1716,GIZ202
S1716,GIZ203
S1716,GIZ204
S1717,GEN102
S1717,FMA202
S1717,GIZ201
S1717,GIZ202
S1717,GIZ203
S1717,GIZ204
S1718,GEN102
S1718,FMA202
S1718,GIZ201
S1718,GIZ202
S1718,GIZ203
S1718,GIZ204
S1719,GEN102
S1719,FMA202
S1719,GIZ201
S1719,GIZ202
S1719,GIZ203
S1719,GIZ204
S1720,GEN102
S1720,FMA202
S1720,GIZ201
S1720,GIZ202
S1720,GIZ203
S1720,GIZ204
S1721,GEN102
S1721,FMA202
S1721,GIZ201
S1721,GIZ202
S1721,GIZ203
S1721,GIZ204
S1722,GEN102
S1722,FMA202
S1722,GIZ201
S1722,GIZ202
S1722,GIZ203
S1722,GIZ204
S1723,GEN103
S1724,GEN103
S1724,GIZ204
S1724,GIZ202
S1725,GEN103
S1726,GEN103
S1727,GEN103
S1728,GEN103
S1728,GIZ203
S1728,GIZ204
S1729,GEN103
S1730,GEN103
S1731,GEN103
S1732,GEN103
S1733,GEN103
S1734,GEN103
S1735,GEN103
S1736,GEN103
S1737,GEN103
S1738,GEN103
S1739,GEN104
S1739,GIZ401
S1739,GIZ402
S1739,GIZ403
S1739,GIZ404
S1740,GEN104
S1740,GIZ401
S1740,GIZ402
S1740,GIZ403
S1740,GIZ404
S1741,GEN104
S1741,GIZ401
S1741,GIZ402
S1741,GIZ403
S1741,GIZ404
S1742,GEN104
S1742,GIZ401
S1742,GIZ402
S1742,GIZ403
S1742,GIZ404
S1743,GEN104
S1743,GIZ401
S1743,GIZ402
S1743,GIZ403
S1743,GIZ404
S1744,GEN104
S1744,GIZ401
S1744,GIZ402
S1744,GIZ403
S1744,GIZ404
S1745,GEN104
S1745,GIZ401
S1745,GIZ402
S1745,GIZ403
S1745,GIZ404
S1746,GEN104
S1746,GIZ401
S1746,GIZ402
S1746,GIZ403
S1746,GIZ404
S1747,GEN104
S1747,GIZ401
S1747,GIZ402
S1747,GIZ403
S1747,GIZ404
S1748,GEN104
S1748,GIZ401
S1748,GIZ402
S1748,GIZ403
S1748,GIZ404
S1749,GEN104
S1749,GIZ401
S1749,GIZ402
S1749,GIZ403
S1749,GIZ404
S1750,GEN104
S1750,GIZ401
S1750,GIZ402
S1750,GIZ403
S1750,GIZ404
S1751,GEN104
S1751,GIZ401
S1751,GIZ402
S1751,GIZ403
S1751,GIZ404
S1752,GEN104
S1752,GIZ401
S1752,GIZ402
S1752,GIZ403
S1752,GIZ404
S1753,GEN104
S1753,GIZ401
S1753,GIZ402
S1753,GIZ403
S1753,GIZ404
S1754,GEN104
S1754,GIZ401
S1754,GIZ402
S1754,GIZ403
S1754,GIZ404
S1755,GEN105
S1755,GIZ701
S1756,GEN105
S1756,GIZ701
S1756,GIZ404
S1756,GIZ401
S1757,GEN105
S1757,GIZ701
S1758,GEN105
S1758,GIZ701
S1759,GEN105
S1759,GIZ701
S1760,GEN105
S1760,GIZ701
S1761,GEN105
S1761,GIZ701
S1762,GEN105
S1762,GIZ701
S1763,GEN105
S1763,GIZ701
S1764,GEN105
S1764,GIZ701
S1765,GEN105
S1765,GIZ701
S1766,GEN105
S1766,GIZ701
S1766,GIZ401
S1766,GIZ404
S1767,GEN105
S1767,GIZ701
S1768,GEN105
S1768,GIZ701
S1769,GEN105
S1769,GIZ701
S1770,GEN105
S1770,GIZ701
S1771,GEN201
S1771,GIZ601
S1771,GIZ602
S1771,GIZ603
S1771,GIZ604
S1771,GIZ701
S1772,GEN201
S1772,GIZ601
S1772,GIZ602
S1772,GIZ603
S1772,GIZ604
S1772,GIZ701
S1773,GEN201
S1773,GIZ601
S1773,GIZ602
S1773,GIZ603
S1773,GIZ604
S1773,GIZ701
S1774,GEN201
S1774,GIZ601
S1774,GIZ602
S1774,GIZ603
S1774,GIZ604
S1774,GIZ701
S1775,GEN201
S1775,GIZ601
S1775,GIZ602
S1775,GIZ603
S1775,GIZ604
S1775,GIZ701
S1776,GEN201
S1776,GIZ601
S1776,GIZ602
S1776,GIZ603
S1776,GIZ604
S1776,GIZ701
S1777,GEN201
S1777,GIZ601
S1777,GIZ602
S1777,GIZ603
S1777,GIZ604
S1777,GIZ701
S1778,GEN201
S1778,GIZ601
S1778,GIZ602
S1778,GIZ603
S1778,GIZ604
S1778,GIZ701
S1779,GEN201
S1779,GIZ601
S1779,GIZ602
S1779,GIZ603
S1779,GIZ604
S1779,GIZ701
S1780,GEN201
S1780,GIZ601
S1780,GIZ602
S1780,GIZ603
S1780,GIZ604
S1780,GIZ701
S1781,GEN201
S1781,GIZ601
S1781,GIZ602
S1781,GIZ603
S1781,GIZ604
S1781,GIZ701
S1782,GEN201
S1782,GIZ601
S1782,GIZ602
S1782,GIZ603
S1782,GIZ604
S1782,GIZ701
S1783,GEN201
S1783,GIZ601
S1783,GIZ602
S1783,GIZ603
S1783,GIZ604
S1783,GIZ701
S1784,GEN201
S1784,GIZ601
S1784,GIZ602
S1784,GIZ603
S1784,GIZ604
S1784,GIZ701
S1785,GEN201
S1785,GIZ601
S1785,GIZ602
S1785,GIZ603
S1785,GIZ604
S1785,GIZ701
S1786,GEN201
S1786,GIZ601
S1786,GIZ602
S1786,GIZ603
S1786,GIZ604
S1786,GIZ701
S1787,GEN202
S1787,GIZ701
S1788,GEN202
S1788,GIZ701
S1789,GEN202
S1789,GIZ701
S1790,GEN202
S1790,GIZ701
S1791,GEN202
S1791,GIZ701
S1792,GEN202
S1792,GIZ701
S1793,GEN202
S1793,GIZ701
S1793,GIZ604
S1793,GIZ602
S1794,GEN202
S1794,GIZ701
S1795,GEN202
S1795,GIZ701
S1796,GEN202
S1796,GIZ701
S1797,GEN202
S1797,GIZ701
S1798,GEN202
S1798,GIZ701
S1799,GEN202
S1799,GIZ701
S1800,GEN202
S1800,GIZ701
S1801,GEN202
S1801,GIZ701
S1802,GEN202
S1802,GIZ701
S1803,GEN203
S1803,GIZ701
S1804,GEN203
S1804,GIZ701
S1805,GEN203
S1805,GIZ701
S1806,GEN203
S1806,GIZ701
S1807,GEN203
S1807,GIZ701
S1808,GEN203
S1808,GIZ701
S1809,GEN203
S1809,GIZ701
S1810,GEN203
S1810,GIZ701
S1811,GEN203
S1811,GIZ701
S1812,GEN203
S1812,GIZ701
S1813,GEN203
S1813,GIZ701
S1814,GEN203
S1814,GIZ701
S1815,GEN203
S1815,GIZ701
S1816,GEN203
S1816,GIZ701
S1817,GEN203
S1817,GIZ701
S1818,GEN203
S1818,GIZ701
S1819,GEN203
S1819,GIZ701
S1820,GEN203
S1820,GIZ701
S1821,GEN101
S1821,FMA201
S1822,GEN101
S1822,FMA201
S1823,GEN101
S1823,FMA201
S1824,GEN101
S1824,FMA201
S1825,GEN101
S1825,FMA201
S1826,GEN101
S1826,FMA201
S1827,GEN101
S1827,FMA201
S1828,GEN101
S1828,FMA201
S1829,GEN101
S1829,FMA201
S1830,GEN101
S1830,FMA201
S1831,GEN101
S1831,FMA201
S1832,GEN101
S1832,FMA201
S1833,GEN101
S1833,FMA201
S1834,GEN101
S1834,FMA201
S1835,GEN101
S1835,FMA201
S1836,GEN101
S1836,FMA201
S1837,GEN102
S1837,FMA202
S1837,KPM201
S1837,KPM202
S1837,KPM203
S1837,KPM204
S1838,GEN102
S1838,FMA202
S1838,KPM201
S1838,KPM202
S1838,KPM203
S1838,KPM204
S1839,GEN102
S1839,FMA202
S1839,KPM201
S1839,KPM202
S1839,KPM203
S1839,KPM204
S1840,GEN102
S1840,FMA202
S1840,KPM201
S1840,KPM202
S1840,KPM203
S1840,KPM204
S1841,GEN102
S1841,FMA202
S1841,KPM201
S1841,KPM202
S1841,KPM203
S1841,KPM204
S1842,GEN102
S1842,FMA202
S1842,KPM201
S1842,KPM202
S1842,KPM203
S1842,KPM204
S1843,GEN102
S1843,FMA202
S1843,KPM201
S1843,KPM202
S1843,KPM203
S1843,KPM204
S1844,GEN102
S1844,FMA202
S1844,KPM201
S1844,KPM202
S1844,KPM203
S1844,KPM204
S1845,GEN102
S1845,FMA202
S1845,KPM201
S1845,KPM202
S1845,KPM203
S1845,KPM204
S1846,GEN102
S1846,FMA202
S1846,KPM201
S1846,KPM202
S1846,KPM203
S1846,KPM204
S1847,GEN102
S1847,FMA202
S1847,KPM201
S1847,KPM202
S1847,KPM203
S1847,KPM204
S1848,GEN102
S1848,FMA202
S1848,KPM201
S1848,KPM202
S1848,KPM203
S1848,KPM204
S1849,GEN102
S1849,FMA202
S1849,KPM201
S1849,KPM202
S1849,KPM203
S1849,KPM204
S1850,GEN102
S1850,FMA202
S1850,KPM201
S1850,KPM202
S1850,KPM203
S1850,KPM204
S1851,GEN102
S1851,FMA202
S1851,KPM201
S1851,KPM202
S1851,KPM203
S1851,KPM204
S1852,GEN102
S1852,FMA202
S1852,KPM201
S1852,KPM202
S1852,KPM203
S1852,KPM204
S1853,GEN103
S1854,GEN103
S1855,GEN103
S1855,KPM201
S1855,KPM204
S1856,GEN103
S1857,GEN103
S1858,GEN103
S1859,GEN103
S1860,GEN103
S1861,GEN103
S1861,KPM201
S1861,KPM202
S1862,GEN103
S1862,KPM203
S1862,KPM201
S1863,GEN103
S1863,KPM201
S1863,KPM202
S1864,GEN103
S1865,GEN103
S1866,GEN103
S1866,KPM204
S1866,KPM203
S1867,GEN103
S1868,GEN103
S1868,KPM202
S1868,KPM201
S1869,GEN104
S1869,KPM401
S1869,KPM402
S1869,KPM403
S1869,KPM404
S1870,GEN104
S1870,KPM401
S1870,KPM402
S1870,KPM403
S1870,KPM404
S1871,GEN104
S1871,KPM401
S1871,KPM402
S1871,KPM403
S1871,KPM404
S1872,GEN104
S1872,KPM401
S1872,KPM402
S1872,KPM403
S1872,KPM404
S1873,GEN104
S1873,KPM401
S1873,KPM402
S1873,KPM403
S1873,KPM404
S1874,GEN104
S1874,KPM401
S1874,KPM402
S1874,KPM403
S1874,KPM404
S1875,GEN104
S1875,KPM401
S1875,KPM402
S1875,KPM403
S1875,KPM404
S1876,GEN104
S1876,KPM401
S1876,KPM402
S1876,KPM403
S1876,KPM404
S1877,GEN104
S1877,KPM401
S1877,KPM402
S1877,KPM403
S1877,KPM404
S1878,GEN104
S1878,KPM401
S1878,KPM402
S1878,KPM403
S1878,KPM404
S1879,GEN104
S1879,KPM401
S1879,KPM402
S1879,KPM403
S1879,KPM404
S1880,GEN104
S1880,KPM401
S1880,KPM402
S1880,KPM403
S1880,KPM404
S1881,GEN104
S1881,KPM401
S1881,KPM402
S1881,KPM403
S1881,KPM404
S1882,GEN104
S1882,KPM401
S1882,KPM402
S1882,KPM403
S1882,KPM404
S1883,GEN104
S1883,KPM401
S1883,KPM402
S1883,KPM403
S1883,KPM404
S1884,GEN104
S1884,KPM401
S1884,KPM402
S1884,KPM403
S1884,KPM404
S1885,GEN105
S1885,KPM701
S1886,GEN105
S1886,KPM701
S1887,GEN105
S1887,KPM701
S1888,GEN105
S1888,KPM701
S1889,GEN105
S1889,KPM701
S1890,GEN105
S1890,KPM701
S1890,KPM403
S1890,KPM402
S1891,GEN105
S1891,KPM701
S1891,KPM401
S1891,KPM402
S1892,GEN105
S1892,KPM701
S1893,GEN105
S1893,KPM701
S1894,GEN105
S1894,KPM701
S1894,KPM404
S1894,KPM402
S1895,GEN105
S1895,KPM701
S1896,GEN105
S1896,KPM701
S1896,KPM404
S1896,KPM403
S1897,GEN105
S1897,KPM701
S1897,KPM403
S1897,KPM401
S1898,GEN105
S1898,KPM701
S1899,GEN105
S1899,KPM701
S1900,GEN105
S1900,KPM701
S1900,KPM404
S1900,KPM403
S1901,GEN201
S1901,KPM601
S1901,KPM602
S1901,KPM603
S1901,KPM604
S1901,KPM701
S1902,GEN201
S1902,KPM601
S1902,KPM602
S1902,KPM603
S1902,KPM604
S1902,KPM701
S1903,GEN201
S1903,KPM601
S1903,KPM602
S1903,KPM603
S1903,KPM604
S1903,KPM701
S1904,GEN201
S1904,KPM601
S1904,KPM602
S1904,KPM603
S1904,KPM604
S1904,KPM701
S1905,GEN201
S1905,KPM601
S1905,KPM602
S1905,KPM603
S1905,KPM604
S1905,KPM701
S1906,GEN201
S1906,KPM601
S1906,KPM602
S1906,KPM603
S1906,KPM604
S1906,KPM701
S1907,GEN201
S1907,KPM601
S1907,KPM602
S1907,KPM603
S1907,KPM604
S1907,KPM701
S1908,GEN201
S1908,KPM601
S1908,KPM602
S1908,KPM603
S1908,KPM604
S1908,KPM701
S1909,GEN201
S1909,KPM601
S1909,KPM602
S1909,KPM603
S1909,KPM604
S1909,KPM701
S1910,GEN201
S1910,KPM601
S1910,KPM602
S1910,KPM603
S1910,KPM604
S1910,KPM701
S1911,GEN201
S1911,KPM601
S1911,KPM602
S1911,KPM603
S1911,KPM604
S1911,KPM701
S1912,GEN201
S1912,KPM601
S1912,KPM602
S1912,KPM603
S1912,KPM604
S1912,KPM701
S1913,GEN201
S1913,KPM601
S1913,KPM602
S1913,KPM603
S1913,KPM604
S1913,KPM701
S1914,GEN201
S1914,KPM601
S1914,KPM602
S1914,KPM603
S1914,KPM604
S1914,KPM701
S1915,GEN201
S1915,KPM601
S1915,KPM602
S1915,KPM603
S1915,KPM604
S1915,KPM701
S1916,GEN201
S1916,KPM601
S1916,KPM602
S1916,KPM603
S1916,KPM604
S1916,KPM701
S1917,GEN202
S1917,KPM701
S1918,GEN202
S1918,KPM701
S1918,KPM603
S1918,KPM601
S1919,GEN202
S1919,KPM701
S1920,GEN202
S1920,KPM701
S1921,GEN202
S1921,KPM701
S1921,KPM601
S1921,KPM603
S1922,GEN202
S1922,KPM701
S1923,GEN202
S1923,KPM701
S1924,GEN202
S1924,KPM701
S1925,GEN202
S1925,KPM701
S1926,GEN202
S1926,KPM701
S1926,KPM603
S1926,KPM601
S1927,GEN202
S1927,KPM701
S1928,GEN202
S1928,KPM701
S1929,GEN202
S1929,KPM701
S1930,GEN202
S1930,KPM701
S1931,GEN202
S1931,KPM701
S1932,GEN202
S1932,KPM701
S1933,GEN203
S1933,KPM701
S1934,GEN203
S1934,KPM701
S1935,GEN203
S1935,KPM701
S1936,GEN203
S1936,KPM701
S1937,GEN203
S1937,KPM701
S1938,GEN203
S1938,KPM701
S1939,GEN203
S1939,KPM701
S1940,GEN203
S1940,KPM701
S1941,GEN203
S1941,KPM701
S1942,GEN203
S1942,KPM701
S1943,GEN203
S1943,KPM701
S1944,GEN203
S1944,KPM701
S1945,GEN203
S1945,KPM701
S1946,GEN203
S1946,KPM701
S1947,GEN203
S1947,KPM701
S1948,GEN203
S1948,KPM701
S1949,GEN203
S1949,KPM701
S1950,GEN203
S1950,KPM701
S1951,GEN101
S1951,FMA201
S1952,GEN101
S1952,FMA201
S1953,GEN101
S1953,FMA201
S1954,GEN101
S1954,FMA201
S1955,GEN101
S1955,FMA201
S1956,GEN101
S1956,FMA201
S1957,GEN101
S1957,FMA201
S1958,GEN101
S1958,FMA201
S1959,GEN101
S1959,FMA201
S1960,GEN101
S1960,FMA201
S1961,GEN101
S1961,FMA201
S1962,GEN101
S1962,FMA201
S1963,GEN101
S1963,FMA201
S1964,GEN101
S1964,FMA201
S1965,GEN101
S1965,FMA201
S1966,GEN101
S1966,FMA201
S1967,GEN102
S1967,FMA202
S1968,GEN102
S1968,FMA202
S1969,GEN102
S1969,FMA202
S1970,GEN102
S1970,FMA202
S1971,GEN102
S1971,FMA202
S1972,GEN102
S1972,FMA202
S1973,GEN102
S1973,FMA202
S1974,GEN102
S1974,FMA202
S1975,GEN102
S1975,FMA202
S1976,GEN102
S1976,FMA202
S1977,GEN102
S1977,FMA202
S1978,GEN102
S1978,FMA202
S1979,GEN102
S1979,FMA202
S1980,GEN102
S1980,FMA202
S1981,GEN102
S1981,FMA202
S1982,GEN102
S1982,FMA202
S1983,GEN103
S1984,GEN103
S1985,GEN103
S1986,GEN103
S1987,GEN103
S1988,GEN103
S1989,GEN103
S1990,GEN103
S1991,GEN103
S1992,GEN103
S1993,GEN103
S1994,GEN103
S1995,GEN103
S1996,GEN103
S1997,GEN103
S1998,GEN103
S1999,GEN104
S2000,GEN104
S2001,GEN104
S2002,GEN104
S2003,GEN104
S2004,GEN104
S2005,GEN104
S2006,GEN104
S2007,GEN104
S2008,GEN104
S2009,GEN104
S2010,GEN104
S2011,GEN104
S2012,GEN104
S2013,GEN104
S2014,GEN104
S2015,GEN105
S2016,GEN105
S2017,GEN105
S2018,GEN105
S2019,GEN105
S2020,GEN105
S2021,GEN105
S2022,GEN105
S2023,GEN105
S2024,GEN105
S2025,GEN105
S2026,GEN105
S2027,GEN105
S2028,GEN105
S2029,GEN105
S2030,GEN105
S2031,GEN201
S2032,GEN201
S2033,GEN201
S2034,GEN201
S2035,GEN201
S2036,GEN201
S2037,GEN201
S2038,GEN201
S2039,GEN201
S2040,GEN201
S2041,GEN201
S2042,GEN201
S2043,GEN201
S2044,GEN201
S2045,GEN201
S2046,GEN201
S2047,GEN202
S2048,GEN202
S2049,GEN202
S2050,GEN202
S2051,GEN202
S2052,GEN202
S2053,GEN202
S2054,GEN202
S2055,GEN202
S2056,GEN202
S2057,GEN202
S2058,GEN202
S2059,GEN202
S2060,GEN202
S2061,GEN202
S2062,GEN202
S2063,GEN203
S2064,GEN203
S2065,GEN203
S2066,GEN203
S2067,GEN203
S2068,GEN203
S2069,GEN203
S2070,GEN203
S2071,GEN203
S2072,GEN203
S2073,GEN203
S2074,GEN203
S2075,GEN203
S2076,GEN203
S2077,GEN203
S2078,GEN203
S2079,GEN203
S2080,GEN203
S2081,GEN101
S2081,FPT101
S2082,GEN101
S2082,FPT101
S2083,GEN101
S2083,FPT101
S2084,GEN101
S2084,FPT101
S2085,GEN101
S2085,FPT101
S2086,GEN101
S2086,FPT101
S2087,GEN101
S2087,FPT101
S2088,GEN101
S2088,FPT101
S2089,GEN101
S2089,FPT101
S2090,GEN101
S2090,FPT101
S2091,GEN101
S2091,FPT101
S2092,GEN101
S2092,FPT101
S2093,GEN101
S2093,FPT101
S2094,GEN101
S2094,FPT101
S2095,GEN101
S2095,FPT101
S2096,GEN101
S2096,FPT101
S2097,GEN102
S2097,FPT102
S2097,INTP201
S2097,INTP202
S2097,INTP203
S2097,INTP204
S2098,GEN102
S2098,FPT102
S2098,INTP201
S2098,INTP202
S2098,INTP203
S2098,INTP204
S2099,GEN102
S2099,FPT102
S2099,INTP201
S2099,INTP202
S2099,INTP203
S2099,INTP204
S2100,GEN102
S2100,FPT102
S2100,INTP201
S2100,INTP202
S2100,INTP203
S2100,INTP204
S2101,GEN102
S2101,FPT102
S2101,INTP201
S2101,INTP202
S2101,INTP203
S2101,INTP204
S2102,GEN102
S2102,FPT102
S2102,INTP201
S2102,INTP202
S2102,INTP203
S2102,INTP204
S2103,GEN102
S2103,FPT102
S2103,INTP201
S2103,INTP202
S2103,INTP203
S2103,INTP204
S2104,GEN102
S2104,FPT102
S2104,INTP201
S2104,INTP202
S2104,INTP203
S2104,INTP204
S2105,GEN102
S2105,FPT102
S2105,INTP201
S2105,INTP202
S2105,INTP203
S2105,INTP204
S2106,GEN102
S2106,FPT102
S2106,INTP201
S2106,INTP202
S2106,INTP203
S2106,INTP204
S2107,GEN102
S2107,FPT102
S2107,INTP201
S2107,INTP202
S2107,INTP203
S2107,INTP204
S2108,GEN102
S2108,FPT102
S2108,INTP201
S2108,INTP202
S2108,INTP203
S2108,INTP204
S2109,GEN102
S2109,FPT102
S2109,INTP201
S2109,INTP202
S2109,INTP203
S2109,INTP204
S2110,GEN102
S2110,FPT102
S2110,INTP201
S2110,INTP202
S2110,INTP203
S2110,INTP204
S2111,GEN102
S2111,FPT102
S2111,INTP201
S2111,INTP202
S2111,INTP203
S2111,INTP204
S2112,GEN102
S2112,FPT102
S2112,INTP201
S2112,INTP202
S2112,INTP203
S2112,INTP204
S2113,GEN103
S2113,INTP201
S2113,INTP203
S2114,GEN103
S2115,GEN103
S2116,GEN103
S2117,GEN103
S2118,GEN103
S2118,INTP201
S2118,INTP202
S2119,GEN103
S2120,GEN103
S2120,INTP202
S2120,INTP203
S2121,GEN103
S2121,INTP204
S2121,INTP202
S2122,GEN103
S2123,GEN103
S2124,GEN103
S2125,GEN103
S2126,GEN103
S2127,GEN103
S2127,INTP204
S2127,INTP203
S2128,GEN103
S2128,INTP204
S2128,INTP203
S2129,GEN104
S2129,INTP401
S2129,INTP402
S2129,INTP403
S2129,INTP404
S2130,GEN104
S2130,INTP401
S2130,INTP402
S2130,INTP403
S2130,INTP404
S2131,GEN104
S2131,INTP401
S2131,INTP402
S2131,INTP403
S2131,INTP404
S2132,GEN104
S2132,INTP401
S2132,INTP402
S2132,INTP403
S2132,INTP404
S2133,GEN104
S2133,INTP401
S2133,INTP402
S2133,INTP403
S2133,INTP404
S2134,GEN104
S2134,INTP401
S2134,INTP402
S2134,INTP403
S2134,INTP404
S2135,GEN104
S2135,INTP401
S2135,INTP402
S2135,INTP403
S2135,INTP404
S2136,GEN104
S2136,INTP401
S2136,INTP402
S2136,INTP403
S2136,INTP404
S2137,GEN104
S2137,INTP401
S2137,INTP402
S2137,INTP403
S2137,INTP404
S2138,GEN104
S2138,INTP401
S2138,INTP402
S2138,INTP403
S2138,INTP404
S2139,GEN104
S2139,INTP401
S2139,INTP402
S2139,INTP403
S2139,INTP404
S2140,GEN104
S2140,INTP401
S2140,INTP402
S2140,INTP403
S2140,INTP404
S2141,GEN104
S2141,INTP401
S2141,INTP402
S2141,INTP403
S2141,INTP404
S2142,GEN104
S2142,INTP401
S2142,INTP402
S2142,INTP403
S2142,INTP404
S2143,GEN104
S2143,INTP401
S2143,INTP402
S2143,INTP403
S2143,INTP404
S2144,GEN104
S2144,INTP401
S2144,INTP402
S2144,INTP403
S2144,INTP404
S2145,GEN105
S2145,INTP701
S2146,GEN105
S2146,INTP701
S2147,GEN105
S2147,INTP701
S2147,INTP403
S2147,INTP401
S2148,GEN105
S2148,INTP701
S2149,GEN105
S2149,INTP701
S2150,GEN105
S2150,INTP701
S2151,GEN105
S2151,INTP701
S2151,INTP403
S2151,INTP404
S2152,GEN105
S2152,INTP701
S2153,GEN105
S2153,INTP701
S2154,GEN105
S2154,INTP701
S2154,INTP403
S2154,INTP401
S2155,GEN105
S2155,INTP701
S2156,GEN105
S2156,INTP701
S2157,GEN105
S2157,INTP701
S2158,GEN105
S2158,INTP701
S2158,INTP402
S2158,INTP403
S2159,GEN105
S2159,INTP701
S2160,GEN105
S2160,INTP701
S2161,GEN201
S2161,INTP601
S2161,INTP602
S2161,INTP603
S2161,INTP604
S2161,INTP701
S2162,GEN201
S2162,INTP601
S2162,INTP602
S2162,INTP603
S2162,INTP604
S2162,INTP701
S2163,GEN201
S2163,INTP601
S2163,INTP602
S2163,INTP603
S2163,INTP604
S2163,INTP701
S2164,GEN201
S2164,INTP601
S2164,INTP602
S2164,INTP603
S2164,INTP604
S2164,INTP701
S2165,GEN201
S2165,INTP601
S2165,INTP602
S2165,INTP603
S2165,INTP604
S2165,INTP701
S2166,GEN201
S2166,INTP601
S2166,INTP602
S2166,INTP603
S2166,INTP604
S2166,INTP701
S2167,GEN201
S2167,INTP601
S2167,INTP602
S2167,INTP603
S2167,INTP604
S2167,INTP701
S2168,GEN201
S2168,INTP601
S2168,INTP602
S2168,INTP603
S2168,INTP604
S2168,INTP701
S2169,GEN201
S2169,INTP601
S2169,INTP602
S2169,INTP603
S2169,INTP604
S2169,INTP701
S2170,GEN201
S2170,INTP601
S2170,INTP602
S2170,INTP603
S2170,INTP604
S2170,INTP701
S2171,GEN201
S2171,INTP601
S2171,INTP602
S2171,INTP603
S2171,INTP604
S2171,INTP701
S2172,GEN201
S2172,INTP601
S2172,INTP602
S2172,INTP603
S2172,INTP604
S2172,INTP701
S2173,GEN201
S2173,INTP601
S2173,INTP602
S2173,INTP603
S2173,INTP604
S2173,INTP701
S2174,GEN201
S2174,INTP601
S2174,INTP602
S2174,INTP603
S2174,INTP604
S2174,INTP701
S2175,GEN201
S2175,INTP601
S2175,INTP602
S2175,INTP603
S2175,INTP604
S2175,INTP701
S2176,GEN201
S2176,INTP601
S2176,INTP602
S2176,INTP603
S2176,INTP604
S2176,INTP701
S2177,GEN202
S2177,INTP701
S2177,INTP603
S2177,INTP601
S2178,GEN202
S2178,INTP701
S2179,GEN202
S2179,INTP701
S2180,GEN202
S2180,INTP701
S2180,INTP602
S2180,INTP603
S2181,GEN202
S2181,INTP701
S2181,INTP602
S2181,INTP604
S2182,GEN202
S2182,INTP701
S2183,GEN202
S2183,INTP701
S2184,GEN202
S2184,INTP701
S2185,GEN202
S2185,INTP701
S2185,INTP602
S2185,INTP601
S2186,GEN202
S2186,INTP701
S2187,GEN202
S2187,INTP701
S2188,GEN202
S2188,INTP701
S2188,INTP601
S2188,INTP604
S2189,GEN202
S2189,INTP701
S2189,INTP602
S2189,INTP603
S2190,GEN202
S2190,INTP701
S2191,GEN202
S2191,INTP701
S2191,INTP601
S2191,INTP604
S2192,GEN202
S2192,INTP701
S2193,GEN203
S2193,INTP701
S2194,GEN203
S2194,INTP701
S2195,GEN203
S2195,INTP701
S2196,GEN203
S2196,INTP701
S2197,GEN203
S2197,INTP701
S2198,GEN203
S2198,INTP701
S2199,GEN203
S2199,INTP701
S2200,GEN203
S2200,INTP701
S2201,GEN203
S2201,INTP701
S2202,GEN203
S2202,INTP701
S2203,GEN203
S2203,INTP701
S2204,GEN203
S2204,INTP701
S2205,GEN203
S2205,INTP701
S2206,GEN203
S2206,INTP701
S2207,GEN203
S2207,INTP701
S2208,GEN203
S2208,INTP701
S2209,GEN203
S2209,INTP701
S2210,GEN203
S2210,INTP701
S2211,GEN101
S2211,FPT101
S2212,GEN101
S2212,FPT101
S2213,GEN101
S2213,FPT101
S2214,GEN101
S2214,FPT101
S2215,GEN101
S2215,FPT101
S2216,GEN101
S2216,FPT101
S2217,GEN101
S2217,FPT101
S2218,GEN101
S2218,FPT101
S2219,GEN101
S2219,FPT101
S2220,GEN101
S2220,FPT101
S2221,GEN101
S2221,FPT101
S2222,GEN101
S2222,FPT101
S2223,GEN101
S2223,FPT101
S2224,GEN101
S2224,FPT101
S2225,GEN101
S2225,FPT101
S2226,GEN101
S2226,FPT101
S2227,GEN102
S2227,FPT102
S2227,IPB201
S2227,IPB202
S2227,IPB203
S2227,IPB204
S2228,GEN102
S2228,FPT102
S2228,IPB201
S2228,IPB202
S2228,IPB203
S2228,IPB204
S2229,GEN102
S2229,FPT102
S2229,IPB201
S2229,IPB202
S2229,IPB203
S2229,IPB204
S2230,GEN102
S2230,FPT102
S2230,IPB201
S2230,IPB202
S2230,IPB203
S2230,IPB204
S2231,GEN102
S2231,FPT102
S2231,IPB201
S2231,IPB202
S2231,IPB203
S2231,IPB204
S2232,GEN102
S2232,FPT102
S2232,IPB201
S2232,IPB202
S2232,IPB203
S2232,IPB204
S2233,GEN102
S2233,FPT102
S2233,IPB201
S2233,IPB202
S2233,IPB203
S2233,IPB204
S2234,GEN102
S2234,FPT102
S2234,IPB201
S2234,IPB202
S2234,IPB203
S2234,IPB204
S2235,GEN102
S2235,FPT102
S2235,IPB201
S2235,IPB202
S2235,IPB203
S2235,IPB204
S2236,GEN102
S2236,FPT102
S2236,IPB201
S2236,IPB202
S2236,IPB203
S2236,IPB204
S2237,GEN102
S2237,FPT102
S2237,IPB201
S2237,IPB202
S2237,IPB203
S2237,IPB204
S2238,GEN102
S2238,FPT102
S2238,IPB201
S2238,IPB202
S2238,IPB203
S2238,IPB204
S2239,GEN102
S2239,FPT102
S2239,IPB201
S2239,IPB202
S2239,IPB203
S2239,IPB204
S2240,GEN102
S2240,FPT102
S2240,IPB201
S2240,IPB202
S2240,IPB203
S2240,IPB204
S2241,GEN102
S2241,FPT102
S2241,IPB201
S2241,IPB202
S2241,IPB203
S2241,IPB204
S2242,GEN102
S2242,FPT102
S2242,IPB201
S2242,IPB202
S2242,IPB203
S2242,IPB204
S2243,GEN103
S2244,GEN103
S2245,GEN103
S2246,GEN103
S2247,GEN103
S2248,GEN103
S2248,IPB202
S2248,IPB203
S2249,GEN103
S2249,IPB203
S2249,IPB202
S2250,GEN103
S2251,GEN103
S2251,IPB204
S2251,IPB202
S2252,GEN103
S2253,GEN103
S2253,IPB204
S2253,IPB201
S2254,GEN103
S2255,GEN103
S2256,GEN103
S2256,IPB202
S2256,IPB204
S2257,GEN103
S2258,GEN103
S2259,GEN104
S2259,IPB401
S2259,IPB402
S2259,IPB403
S2259,IPB404
S2260,GEN104
S2260,IPB401
S2260,IPB402
S2260,IPB403
S2260,IPB404
S2261,GEN104
S2261,IPB401
S2261,IPB402
S2261,IPB403
S2261,IPB404
S2262,GEN104
S2262,IPB401
S2262,IPB402
S2262,IPB403
S2262,IPB404
S2263,GEN104
S2263,IPB401
S2263,IPB402
S2263,IPB403
S2263,IPB404
S2264,GEN104
S2264,IPB401
S2264,IPB402
S2264,IPB403
S2264,IPB404
S2265,GEN104
S2265,IPB401
S2265,IPB402
S2265,IPB403
S2265,IPB404
S2266,GEN104
S2266,IPB401
S2266,IPB402
S2266,IPB403
S2266,IPB404
S2267,GEN104
S2267,IPB401
S2267,IPB402
S2267,IPB403
S2267,IPB404
S2268,GEN104
S2268,IPB401
S2268,IPB402
S2268,IPB403
S2268,IPB404
S2269,GEN104
S2269,IPB401
S2269,IPB402
S2269,IPB403
S2269,IPB404
S2270,GEN104
S2270,IPB401
S2270,IPB402
S2270,IPB403
S2270,IPB404
S2271,GEN104
S2271,IPB401
S2271,IPB402
S2271,IPB403
S2271,IPB404
S2272,GEN104
S2272,IPB401
S2272,IPB402
S2272,IPB403
S2272,IPB404
S2273,GEN104
S2273,IPB401
S2273,IPB402
S2273,IPB403
S2273,IPB404
S2274,GEN104
S2274,IPB401
S2274,IPB402
S2274,IPB403
S2274,IPB404
S2275,GEN105
S2275,IPB701
S2276,GEN105
S2276,IPB701
S2277,GEN105
S2277,IPB701
S2278,GEN105
S2278,IPB701
S2278,IPB404
S2278,IPB401
S2279,GEN105
S2279,IPB701
S2280,GEN105
S2280,IPB701
S2280,IPB402
S2280,IPB404
S2281,GEN105
S2281,IPB701
S2282,GEN105
S2282,IPB701
S2282,IPB403
S2282,IPB402
S2283,GEN105
S2283,IPB701
S2284,GEN105
S2284,IPB701
S2285,GEN105
S2285,IPB701
S2286,GEN105
S2286,IPB701
S2287,GEN105
S2287,IPB701
S2287,IPB402
S2287,IPB403
S2288,GEN105
S2288,IPB701
S2289,GEN105
S2289,IPB701
S2289,IPB401
S2289,IPB404
S2290,GEN105
S2290,IPB701
S2291,GEN201
S2291,IPB601
S2291,IPB602
S2291,IPB603
S2291,IPB604
S2291,IPB701
S2292,GEN201
S2292,IPB601
S2292,IPB602
S2292,IPB603
S2292,IPB604
S2292,IPB701
S2293,GEN201
S2293,IPB601
S2293,IPB602
S2293,IPB603
S2293,IPB604
S2293,IPB701
S2294,GEN201
S2294,IPB601
S2294,IPB602
S2294,IPB603
S2294,IPB604
S2294,IPB701
S2295,GEN201
S2295,IPB601
S2295,IPB602
S2295,IPB603
S2295,IPB604
S2295,IPB701
S2296,GEN201
S2296,IPB601
S2296,IPB602
S2296,IPB603
S2296,IPB604
S2296,IPB701
S2297,GEN201
S2297,IPB601
S2297,IPB602
S2297,IPB603
S2297,IPB604
S2297,IPB701
S2298,GEN201
S2298,IPB601
S2298,IPB602
S2298,IPB603
S2298,IPB604
S2298,IPB701
S2299,GEN201
S2299,IPB601
S2299,IPB602
S2299,IPB603
S2299,IPB604
S2299,IPB701
S2300,GEN201
S2300,IPB601
S2300,IPB602
S2300,IPB603
S2300,IPB604
S2300,IPB701
S2301,GEN201
S2301,IPB601
S2301,IPB602
S2301,IPB603
S2301,IPB604
S2301,IPB701
S2302,GEN201
S2302,IPB601
S2302,IPB602
S2302,IPB603
S2302,IPB604
S2302,IPB701
S2303,GEN201
S2303,IPB601
S2303,IPB602
S2303,IPB603
S2303,IPB604
S2303,IPB701
S2304,GEN201
S2304,IPB601
S2304,IPB602
S2304,IPB603
S2304,IPB604
S2304,IPB701
S2305,GEN201
S2305,IPB601
S2305,IPB602
S2305,IPB603
S2305,IPB604
S2305,IPB701
S2306,GEN201
S2306,IPB601
S2306,IPB602
S2306,IPB603
S2306,IPB604
S2306,IPB701
S2307,GEN202
S2307,IPB701
S2308,GEN202
S2308,IPB701
S2309,GEN202
S2309,IPB701
S2309,IPB601
S2309,IPB603
S2310,GEN202
S2310,IPB701
S2311,GEN202
S2311,IPB701
S2312,GEN202
S2312,IPB701
S2313,GEN202
S2313,IPB701
S2314,GEN202
S2314,IPB701
S2315,GEN202
S2315,IPB701
S2316,GEN202
S2316,IPB701
S2317,GEN202
S2317,IPB701
S2318,GEN202
S2318,IPB701
S2318,IPB603
S2318,IPB604
S2319,GEN202
S2319,IPB701
S2320,GEN202
S2320,IPB701
S2320,IPB602
S2320,IPB601
S2321,GEN202
S2321,IPB701
S2322,GEN202
S2322,IPB701
S2322,IPB601
S2322,IPB602
S2323,GEN203
S2323,IPB701
S2324,GEN203
S2324,IPB701
S2325,GEN203
S2325,IPB701
S2326,GEN203
S2326,IPB701
S2327,GEN203
S2327,IPB701
S2328,GEN203
S2328,IPB701
S2329,GEN203
S2329,IPB701
S2330,GEN203
S2330,IPB701
S2331,GEN203
S2331,IPB701
S2332,GEN203
S2332,IPB701
S2333,GEN203
S2333,IPB701
S2334,GEN203
S2334,IPB701
S2335,GEN203
S2335,IPB701
S2336,GEN203
S2336,IPB701
S2337,GEN203
S2337,IPB701
S2338,GEN203
S2338,IPB701
S2339,GEN203
S2339,IPB701
S2340,GEN203
S2340,IPB701
